dcode,dname,area,dev_reg,eco_belt,yearcode,crop_name,amillet,pmillet,ymillet
1,Taplejung,3646,easter d,mountain,2000/2001,Millet,5631,6350,1128
1,Taplejung,3646,easter d,mountain,2001/2002,Millet,3100,3720,1200
1,Taplejung,3646,easter d,mountain,2002/2003,Millet,3100,3720,1200
1,Taplejung,3646,easter d,mountain,2003/2004,Millet,3100,3720,1200
1,Taplejung,3646,easter d,mountain,2004/2005,Millet,3100,3565,1150
1,Taplejung,3646,easter d,mountain,2005/2006,Millet,3050,3660,1200
1,Taplejung,3646,easter d,mountain,2006/2007,Millet,3050,3500,1148
1,Taplejung,3646,easter d,mountain,2007/2008,Millet,3050,3567,1170
1,Taplejung,3646,easter d,mountain,2008/2009,Millet,3050,3567,1170
1,Taplejung,3646,easter d,mountain,2009/2010,Millet,3050,3050,1000
1,Taplejung,3646,easter d,mountain,2010/2011,Millet,3050,3813,1250
1,Taplejung,3646,easter d,mountain,2011/2012,Millet,3050,3508,1150
1,Taplejung,3646,easter d,mountain,2012/2013,Millet,3050,3507,1150
1,Taplejung,3646,easter d,mountain,2013/2014,Millet,3290,4418,1343
1,Taplejung,3646,easter d,mountain,2014/2015,Millet,3350,4718,1408
2,Panchthar,1241,easter d,hill,2000/2001,Millet,5955,7421,1246
2,Panchthar,1241,easter d,hill,2001/2002,Millet,5975,7170,1200
2,Panchthar,1241,easter d,hill,2002/2003,Millet,5975,7170,1200
2,Panchthar,1241,easter d,hill,2003/2004,Millet,5975,7170,1200
2,Panchthar,1241,easter d,hill,2004/2005,Millet,5978,8564,1433
2,Panchthar,1241,easter d,hill,2005/2006,Millet,5978,7965,1332
2,Panchthar,1241,easter d,hill,2006/2007,Millet,5978,7700,1288
2,Panchthar,1241,easter d,hill,2007/2008,Millet,5992,7790,1300
2,Panchthar,1241,easter d,hill,2008/2009,Millet,5992,7750,1293
2,Panchthar,1241,easter d,hill,2009/2010,Millet,4911,7150,1456
2,Panchthar,1241,easter d,hill,2010/2011,Millet,5000,8350,1670
2,Panchthar,1241,easter d,hill,2011/2012,Millet,5000,9350,1870
2,Panchthar,1241,easter d,hill,2012/2013,Millet,5000,9350,1870
2,Panchthar,1241,easter d,hill,2013/2014,Millet,4805,9046,1883
2,Panchthar,1241,easter d,hill,2014/2015,Millet,4750,8980,1891
3,Ilam,1703,easter d,hill,2000/2001,Millet,3290,3290,1000
3,Ilam,1703,easter d,hill,2001/2002,Millet,3213,3373,1050
3,Ilam,1703,easter d,hill,2002/2003,Millet,3213,3373,1050
3,Ilam,1703,easter d,hill,2003/2004,Millet,3213,3373,1050
3,Ilam,1703,easter d,hill,2004/2005,Millet,3290,3290,1000
3,Ilam,1703,easter d,hill,2005/2006,Millet,3290,3390,1030
3,Ilam,1703,easter d,hill,2006/2007,Millet,3312,3312,1000
3,Ilam,1703,easter d,hill,2007/2008,Millet,3314,2884,870
3,Ilam,1703,easter d,hill,2008/2009,Millet,3314,2884,870
3,Ilam,1703,easter d,hill,2009/2010,Millet,3312,3612,1091
3,Ilam,1703,easter d,hill,2010/2011,Millet,3312,3312,1000
3,Ilam,1703,easter d,hill,2011/2012,Millet,3000,3000,1000
3,Ilam,1703,easter d,hill,2012/2013,Millet,3000,2670,890
3,Ilam,1703,easter d,hill,2013/2014,Millet,3000,3000,1000
3,Ilam,1703,easter d,hill,2014/2015,Millet,1700,1700,1000
4,Jhapa,1606,easter d,terai,2000/2001,Millet,2000,2000,1000
4,Jhapa,1606,easter d,terai,2001/2002,Millet,2000,2000,1000
4,Jhapa,1606,easter d,terai,2002/2003,Millet,2000,2000,1000
4,Jhapa,1606,easter d,terai,2003/2004,Millet,2000,2000,1000
4,Jhapa,1606,easter d,terai,2004/2005,Millet,1950,1950,1000
4,Jhapa,1606,easter d,terai,2005/2006,Millet,2150,2150,1000
4,Jhapa,1606,easter d,terai,2006/2007,Millet,2200,2340,1064
4,Jhapa,1606,easter d,terai,2007/2008,Millet,2100,2100,1000
4,Jhapa,1606,easter d,terai,2008/2009,Millet,2000,2000,1000
4,Jhapa,1606,easter d,terai,2009/2010,Millet,1800,2160,1200
4,Jhapa,1606,easter d,terai,2010/2011,Millet,1800,2160,1200
4,Jhapa,1606,easter d,terai,2011/2012,Millet,1800,2160,1200
4,Jhapa,1606,easter d,terai,2012/2013,Millet,1785,1785,1000
4,Jhapa,1606,easter d,terai,2013/2014,Millet,1750,1800,1029
4,Jhapa,1606,easter d,terai,2014/2015,Millet,1780,2136,1200
5,Morang,1855,easter d,terai,2000/2001,Millet,1340,1474,1100
5,Morang,1855,easter d,terai,2001/2002,Millet,1300,1500,1154
5,Morang,1855,easter d,terai,2002/2003,Millet,1300,1500,1154
5,Morang,1855,easter d,terai,2003/2004,Millet,1300,1500,1154
5,Morang,1855,easter d,terai,2004/2005,Millet,1395,1500,1075
5,Morang,1855,easter d,terai,2005/2006,Millet,1310,1637,1250
5,Morang,1855,easter d,terai,2006/2007,Millet,1325,1335,1008
5,Morang,1855,easter d,terai,2007/2008,Millet,1345,1604,1193
5,Morang,1855,easter d,terai,2008/2009,Millet,1415,1698,1200
5,Morang,1855,easter d,terai,2009/2010,Millet,1455,1746,1200
5,Morang,1855,easter d,terai,2010/2011,Millet,1430,1716,1200
5,Morang,1855,easter d,terai,2011/2012,Millet,1510,1812,1200
5,Morang,1855,easter d,terai,2012/2013,Millet,1510,1812,1200
5,Morang,1855,easter d,terai,2013/2014,Millet,1500,1800,1200
5,Morang,1855,easter d,terai,2014/2015,Millet,1510,1661,1100
6,Sunsari,1257,easter d,terai,2000/2001,Millet,300,300,1000
6,Sunsari,1257,easter d,terai,2001/2002,Millet,1200,1800,1500
6,Sunsari,1257,easter d,terai,2002/2003,Millet,1200,1800,1500
6,Sunsari,1257,easter d,terai,2003/2004,Millet,1200,1800,1500
6,Sunsari,1257,easter d,terai,2004/2005,Millet,300,300,1000
6,Sunsari,1257,easter d,terai,2005/2006,Millet,1075,1370,1274
6,Sunsari,1257,easter d,terai,2006/2007,Millet,1200,1080,900
6,Sunsari,1257,easter d,terai,2007/2008,Millet,1352,1352,1000
6,Sunsari,1257,easter d,terai,2008/2009,Millet,1350,1350,1000
6,Sunsari,1257,easter d,terai,2009/2010,Millet,1250,1260,1008
6,Sunsari,1257,easter d,terai,2010/2011,Millet,1200,1200,1000
6,Sunsari,1257,easter d,terai,2011/2012,Millet,800,744,930
6,Sunsari,1257,easter d,terai,2012/2013,Millet,1185,1078,910
6,Sunsari,1257,easter d,terai,2013/2014,Millet,1200,1100,917
6,Sunsari,1257,easter d,terai,2014/2015,Millet,680,714,1050
7,Dhankuta,891,easter d,hill,2000/2001,Millet,6060,4800,792
7,Dhankuta,891,easter d,hill,2001/2002,Millet,8120,8038,990
7,Dhankuta,891,easter d,hill,2002/2003,Millet,8120,8038,990
7,Dhankuta,891,easter d,hill,2003/2004,Millet,8120,8038,990
7,Dhankuta,891,easter d,hill,2004/2005,Millet,8103,9012,1112
7,Dhankuta,891,easter d,hill,2005/2006,Millet,8125,8025,988
7,Dhankuta,891,easter d,hill,2006/2007,Millet,7094,7059,995
7,Dhankuta,891,easter d,hill,2007/2008,Millet,8129,7966,980
7,Dhankuta,891,easter d,hill,2008/2009,Millet,8129,8563,1053
7,Dhankuta,891,easter d,hill,2009/2010,Millet,8080,9091,1125
7,Dhankuta,891,easter d,hill,2010/2011,Millet,8000,8080,1010
7,Dhankuta,891,easter d,hill,2011/2012,Millet,7810,7810,1000
7,Dhankuta,891,easter d,hill,2012/2013,Millet,7780,7780,1000
7,Dhankuta,891,easter d,hill,2013/2014,Millet,8000,8000,1000
7,Dhankuta,891,easter d,hill,2014/2015,Millet,7800,7800,1000
8,Terhathum,679,easter d,hill,2000/2001,Millet,3195,3195,1000
8,Terhathum,679,easter d,hill,2001/2002,Millet,3210,3370,1050
8,Terhathum,679,easter d,hill,2002/2003,Millet,3210,3370,1050
8,Terhathum,679,easter d,hill,2003/2004,Millet,3210,3370,1050
8,Terhathum,679,easter d,hill,2004/2005,Millet,2407,2888,1200
8,Terhathum,679,easter d,hill,2005/2006,Millet,3250,3550,1092
8,Terhathum,679,easter d,hill,2006/2007,Millet,3050,3203,1050
8,Terhathum,679,easter d,hill,2007/2008,Millet,2505,2520,1006
8,Terhathum,679,easter d,hill,2008/2009,Millet,2505,2520,1006
8,Terhathum,679,easter d,hill,2009/2010,Millet,2600,2782,1070
8,Terhathum,679,easter d,hill,2010/2011,Millet,2700,3061,1134
8,Terhathum,679,easter d,hill,2011/2012,Millet,2700,3061,1133
8,Terhathum,679,easter d,hill,2012/2013,Millet,2750,3300,1200
8,Terhathum,679,easter d,hill,2013/2014,Millet,2800,3300,1179
8,Terhathum,679,easter d,hill,2014/2015,Millet,2700,2969,1100
9,Sankhuwasabha,3480,easter d,mountain,2000/2001,Millet,8190,8090,988
9,Sankhuwasabha,3480,easter d,mountain,2001/2002,Millet,8160,7349,901
9,Sankhuwasabha,3480,easter d,mountain,2002/2003,Millet,8160,7349,901
9,Sankhuwasabha,3480,easter d,mountain,2003/2004,Millet,8160,7349,901
9,Sankhuwasabha,3480,easter d,mountain,2004/2005,Millet,9175,10093,1100
9,Sankhuwasabha,3480,easter d,mountain,2005/2006,Millet,9195,9575,1041
9,Sankhuwasabha,3480,easter d,mountain,2006/2007,Millet,9195,9575,1041
9,Sankhuwasabha,3480,easter d,mountain,2007/2008,Millet,9977,9956,998
9,Sankhuwasabha,3480,easter d,mountain,2008/2009,Millet,9977,9956,998
9,Sankhuwasabha,3480,easter d,mountain,2009/2010,Millet,9975,10080,1011
9,Sankhuwasabha,3480,easter d,mountain,2010/2011,Millet,9975,9875,990
9,Sankhuwasabha,3480,easter d,mountain,2011/2012,Millet,9975,9975,1000
9,Sankhuwasabha,3480,easter d,mountain,2012/2013,Millet,9981,10180,1020
9,Sankhuwasabha,3480,easter d,mountain,2013/2014,Millet,7171,7314,1020
9,Sankhuwasabha,3480,easter d,mountain,2014/2015,Millet,7171,7514,1048
10,Bhojpur,1507,easter d,hill,2000/2001,Millet,5005,6207,1240
10,Bhojpur,1507,easter d,hill,2001/2002,Millet,5439,5439,1000
10,Bhojpur,1507,easter d,hill,2002/2003,Millet,5439,5439,1000
10,Bhojpur,1507,easter d,hill,2003/2004,Millet,5439,5439,1000
10,Bhojpur,1507,easter d,hill,2004/2005,Millet,5439,5439,1000
10,Bhojpur,1507,easter d,hill,2005/2006,Millet,5439,5439,1000
10,Bhojpur,1507,easter d,hill,2006/2007,Millet,5226,5136,983
10,Bhojpur,1507,easter d,hill,2007/2008,Millet,4600,4500,978
10,Bhojpur,1507,easter d,hill,2008/2009,Millet,4600,4500,978
10,Bhojpur,1507,easter d,hill,2009/2010,Millet,5136,5236,1019
10,Bhojpur,1507,easter d,hill,2010/2011,Millet,5100,5100,1000
10,Bhojpur,1507,easter d,hill,2011/2012,Millet,5505,4954,900
10,Bhojpur,1507,easter d,hill,2012/2013,Millet,5505,4404,800
10,Bhojpur,1507,easter d,hill,2013/2014,Millet,5500,5000,909
10,Bhojpur,1507,easter d,hill,2014/2015,Millet,5505,4404,800
11,Solukhumbu,3312,easter d,mountain,2000/2001,Millet,2000,2500,1250
11,Solukhumbu,3312,easter d,mountain,2001/2002,Millet,2000,2000,1000
11,Solukhumbu,3312,easter d,mountain,2002/2003,Millet,2000,2000,1000
11,Solukhumbu,3312,easter d,mountain,2003/2004,Millet,2000,2000,1000
11,Solukhumbu,3312,easter d,mountain,2004/2005,Millet,2000,2000,1000
11,Solukhumbu,3312,easter d,mountain,2005/2006,Millet,2000,2100,1050
11,Solukhumbu,3312,easter d,mountain,2006/2007,Millet,2000,2100,1050
11,Solukhumbu,3312,easter d,mountain,2007/2008,Millet,2052,2566,1250
11,Solukhumbu,3312,easter d,mountain,2008/2009,Millet,2052,2566,1250
11,Solukhumbu,3312,easter d,mountain,2009/2010,Millet,2100,2100,1000
11,Solukhumbu,3312,easter d,mountain,2010/2011,Millet,2100,2625,1250
11,Solukhumbu,3312,easter d,mountain,2011/2012,Millet,2100,2940,1400
11,Solukhumbu,3312,easter d,mountain,2012/2013,Millet,2100,2520,1200
11,Solukhumbu,3312,easter d,mountain,2013/2014,Millet,2100,2688,1280
11,Solukhumbu,3312,easter d,mountain,2014/2015,Millet,2100,2688,1280
12,Okhaldhunga,1074,easter d,hill,2000/2001,Millet,7270,8725,1200
12,Okhaldhunga,1074,easter d,hill,2001/2002,Millet,6980,8380,1201
12,Okhaldhunga,1074,easter d,hill,2002/2003,Millet,6980,8380,1201
12,Okhaldhunga,1074,easter d,hill,2003/2004,Millet,6980,8380,1201
12,Okhaldhunga,1074,easter d,hill,2004/2005,Millet,6980,10380,1487
12,Okhaldhunga,1074,easter d,hill,2005/2006,Millet,7750,10388,1340
12,Okhaldhunga,1074,easter d,hill,2006/2007,Millet,7750,9380,1210
12,Okhaldhunga,1074,easter d,hill,2007/2008,Millet,7756,10100,1302
12,Okhaldhunga,1074,easter d,hill,2008/2009,Millet,7756,10100,1302
12,Okhaldhunga,1074,easter d,hill,2009/2010,Millet,8785,12299,1400
12,Okhaldhunga,1074,easter d,hill,2010/2011,Millet,8785,11865,1351
12,Okhaldhunga,1074,easter d,hill,2011/2012,Millet,7790,11840,1520
12,Okhaldhunga,1074,easter d,hill,2012/2013,Millet,7751,9998,1290
12,Okhaldhunga,1074,easter d,hill,2013/2014,Millet,7751,12401,1600
12,Okhaldhunga,1074,easter d,hill,2014/2015,Millet,7751,12626,1629
13,Khotang,1591,easter d,hill,2000/2001,Millet,14000,11500,821
13,Khotang,1591,easter d,hill,2001/2002,Millet,13600,12600,926
13,Khotang,1591,easter d,hill,2002/2003,Millet,13600,12600,926
13,Khotang,1591,easter d,hill,2003/2004,Millet,13600,12600,926
13,Khotang,1591,easter d,hill,2004/2005,Millet,14270,14000,981
13,Khotang,1591,easter d,hill,2005/2006,Millet,14270,14000,981
13,Khotang,1591,easter d,hill,2006/2007,Millet,14270,14000,981
13,Khotang,1591,easter d,hill,2007/2008,Millet,14511,14000,965
13,Khotang,1591,easter d,hill,2008/2009,Millet,14511,14000,965
13,Khotang,1591,easter d,hill,2009/2010,Millet,14375,14513,1010
13,Khotang,1591,easter d,hill,2010/2011,Millet,16500,19800,1200
13,Khotang,1591,easter d,hill,2011/2012,Millet,21375,23940,1120
13,Khotang,1591,easter d,hill,2012/2013,Millet,21315,24512,1150
13,Khotang,1591,easter d,hill,2013/2014,Millet,21315,23377,1097
13,Khotang,1591,easter d,hill,2014/2015,Millet,21315,23455,1100
14,Udayapur,2063,easter d,hill,2000/2001,Millet,2570,2827,1100
14,Udayapur,2063,easter d,hill,2001/2002,Millet,2500,2550,1020
14,Udayapur,2063,easter d,hill,2002/2003,Millet,2500,2550,1020
14,Udayapur,2063,easter d,hill,2003/2004,Millet,2500,2550,1020
14,Udayapur,2063,easter d,hill,2004/2005,Millet,2525,2777,1100
14,Udayapur,2063,easter d,hill,2005/2006,Millet,2525,2570,1018
14,Udayapur,2063,easter d,hill,2006/2007,Millet,2399,2399,1000
14,Udayapur,2063,easter d,hill,2007/2008,Millet,2570,3341,1300
14,Udayapur,2063,easter d,hill,2008/2009,Millet,2572,3458,1344
14,Udayapur,2063,easter d,hill,2009/2010,Millet,2572,3458,1344
14,Udayapur,2063,easter d,hill,2010/2011,Millet,2575,3965,1540
14,Udayapur,2063,easter d,hill,2011/2012,Millet,2575,4377,1700
14,Udayapur,2063,easter d,hill,2012/2013,Millet,2580,5031,1950
14,Udayapur,2063,easter d,hill,2013/2014,Millet,2580,5000,1938
14,Udayapur,2063,easter d,hill,2014/2015,Millet,2200,2370,1077
15,Saptari,1363,easter d,terai,2000/2001,Millet,300,300,1000
15,Saptari,1363,easter d,terai,2001/2002,Millet,300,300,1000
15,Saptari,1363,easter d,terai,2002/2003,Millet,300,300,1000
15,Saptari,1363,easter d,terai,2003/2004,Millet,300,300,1000
15,Saptari,1363,easter d,terai,2004/2005,Millet,300,300,1000
15,Saptari,1363,easter d,terai,2005/2006,Millet,300,300,1000
15,Saptari,1363,easter d,terai,2006/2007,Millet,300,300,1000
15,Saptari,1363,easter d,terai,2007/2008,Millet,300,300,1000
15,Saptari,1363,easter d,terai,2008/2009,Millet,300,300,1000
15,Saptari,1363,easter d,terai,2009/2010,Millet,250,250,1000
15,Saptari,1363,easter d,terai,2010/2011,Millet,250,250,1000
15,Saptari,1363,easter d,terai,2011/2012,Millet,250,375,1500
15,Saptari,1363,easter d,terai,2012/2013,Millet,250,215,860
15,Saptari,1363,easter d,terai,2013/2014,Millet,250,215,860
15,Saptari,1363,easter d,terai,2014/2015,Millet,200,260,1300
16,Siraha,1188,easter d,terai,2000/2001,Millet,1200,1200,1000
16,Siraha,1188,easter d,terai,2001/2002,Millet,1000,1000,1000
16,Siraha,1188,easter d,terai,2002/2003,Millet,1000,1000,1000
16,Siraha,1188,easter d,terai,2003/2004,Millet,1000,1000,1000
16,Siraha,1188,easter d,terai,2004/2005,Millet,1200,1200,1000
16,Siraha,1188,easter d,terai,2005/2006,Millet,1000,900,900
16,Siraha,1188,easter d,terai,2006/2007,Millet,1200,1200,1000
16,Siraha,1188,easter d,terai,2007/2008,Millet,800,800,1000
16,Siraha,1188,easter d,terai,2008/2009,Millet,800,800,1000
16,Siraha,1188,easter d,terai,2009/2010,Millet,700,760,1086
16,Siraha,1188,easter d,terai,2010/2011,Millet,700,700,1000
16,Siraha,1188,easter d,terai,2011/2012,Millet,600,600,1000
16,Siraha,1188,easter d,terai,2012/2013,Millet,645,574,890
16,Siraha,1188,easter d,terai,2013/2014,Millet,650,575,885
16,Siraha,1188,easter d,terai,2014/2015,Millet,640,640,1000
17,Dhanusa,1180,central,terai,2000/2001,Millet,500,660,1320
17,Dhanusa,1180,central,terai,2001/2002,Millet,450,500,1111
17,Dhanusa,1180,central,terai,2002/2003,Millet,425,467,1099
17,Dhanusa,1180,central,terai,2003/2004,Millet,425,467,1099
17,Dhanusa,1180,central,terai,2004/2005,Millet,410,451,1100
17,Dhanusa,1180,central,terai,2005/2006,Millet,400,440,1100
17,Dhanusa,1180,central,terai,2006/2007,Millet,410,414,1010
17,Dhanusa,1180,central,terai,2007/2008,Millet,400,400,1000
17,Dhanusa,1180,central,terai,2008/2009,Millet,400,450,1125
17,Dhanusa,1180,central,terai,2009/2010,Millet,425,430,1012
17,Dhanusa,1180,central,terai,2010/2011,Millet,425,425,1000
17,Dhanusa,1180,central,terai,2011/2012,Millet,300,300,1000
17,Dhanusa,1180,central,terai,2012/2013,Millet,300,300,1000
17,Dhanusa,1180,central,terai,2013/2014,Millet,300,300,1000
17,Dhanusa,1180,central,terai,2014/2015,Millet,300,300,1000
18,Mahottari,1002,central,terai,2000/2001,Millet,220,220,1000
18,Mahottari,1002,central,terai,2001/2002,Millet,500,500,1000
18,Mahottari,1002,central,terai,2002/2003,Millet,500,500,1000
18,Mahottari,1002,central,terai,2003/2004,Millet,500,500,1000
18,Mahottari,1002,central,terai,2004/2005,Millet,401,460,1147
18,Mahottari,1002,central,terai,2005/2006,Millet,320,320,1000
18,Mahottari,1002,central,terai,2006/2007,Millet,335,383,1143
18,Mahottari,1002,central,terai,2007/2008,Millet,335,383,1143
18,Mahottari,1002,central,terai,2008/2009,Millet,355,426,1200
18,Mahottari,1002,central,terai,2009/2010,Millet,355,426,1200
18,Mahottari,1002,central,terai,2010/2011,Millet,232,232,1000
18,Mahottari,1002,central,terai,2011/2012,Millet,215,215,1000
18,Mahottari,1002,central,terai,2012/2013,Millet,,,
18,Mahottari,1002,central,terai,2013/2014,Millet,,,
18,Mahottari,1002,central,terai,2014/2015,Millet,,,
19,Sarlahi,1259,central,terai,2000/2001,Millet,560,620,1107
19,Sarlahi,1259,central,terai,2001/2002,Millet,500,600,1200
19,Sarlahi,1259,central,terai,2002/2003,Millet,500,600,1200
19,Sarlahi,1259,central,terai,2003/2004,Millet,500,600,1200
19,Sarlahi,1259,central,terai,2004/2005,Millet,1580,1500,949
19,Sarlahi,1259,central,terai,2005/2006,Millet,1580,1500,949
19,Sarlahi,1259,central,terai,2006/2007,Millet,1500,1500,1000
19,Sarlahi,1259,central,terai,2007/2008,Millet,120,120,1000
19,Sarlahi,1259,central,terai,2008/2009,Millet,120,120,1000
19,Sarlahi,1259,central,terai,2009/2010,Millet,175,175,1000
19,Sarlahi,1259,central,terai,2010/2011,Millet,215,215,1000
19,Sarlahi,1259,central,terai,2011/2012,Millet,1000,1000,1000
19,Sarlahi,1259,central,terai,2012/2013,Millet,950,950,1000
19,Sarlahi,1259,central,terai,2013/2014,Millet,950,950,1000
19,Sarlahi,1259,central,terai,2014/2015,Millet,950,817,860
20,Sindhuli,2491,central,hill,2000/2001,Millet,10723,12651,1180
20,Sindhuli,2491,central,hill,2001/2002,Millet,10880,10880,1000
20,Sindhuli,2491,central,hill,2002/2003,Millet,10880,10880,1000
20,Sindhuli,2491,central,hill,2003/2004,Millet,10880,10880,1000
20,Sindhuli,2491,central,hill,2004/2005,Millet,9045,9654,1067
20,Sindhuli,2491,central,hill,2005/2006,Millet,9910,9819,991
20,Sindhuli,2491,central,hill,2006/2007,Millet,10775,11153,1035
20,Sindhuli,2491,central,hill,2007/2008,Millet,10775,11153,1035
20,Sindhuli,2491,central,hill,2008/2009,Millet,10775,11153,1035
20,Sindhuli,2491,central,hill,2009/2010,Millet,10775,10600,984
20,Sindhuli,2491,central,hill,2010/2011,Millet,10551,10560,1001
20,Sindhuli,2491,central,hill,2011/2012,Millet,11610,10449,900
20,Sindhuli,2491,central,hill,2012/2013,Millet,11635,9196,790
20,Sindhuli,2491,central,hill,2013/2014,Millet,11618,9526,820
20,Sindhuli,2491,central,hill,2014/2015,Millet,11800,9350,792
21,Ramechhap,1546,central,hill,2000/2001,Millet,5052,5562,1101
21,Ramechhap,1546,central,hill,2001/2002,Millet,5002,5000,1000
21,Ramechhap,1546,central,hill,2002/2003,Millet,5050,6110,1210
21,Ramechhap,1546,central,hill,2003/2004,Millet,5050,6110,1210
21,Ramechhap,1546,central,hill,2004/2005,Millet,5052,5961,1180
21,Ramechhap,1546,central,hill,2005/2006,Millet,5057,5309,1050
21,Ramechhap,1546,central,hill,2006/2007,Millet,5057,6068,1200
21,Ramechhap,1546,central,hill,2007/2008,Millet,5057,6068,1200
21,Ramechhap,1546,central,hill,2008/2009,Millet,5057,6068,1200
21,Ramechhap,1546,central,hill,2009/2010,Millet,5087,6068,1193
21,Ramechhap,1546,central,hill,2010/2011,Millet,5060,5051,998
21,Ramechhap,1546,central,hill,2011/2012,Millet,5057,6068,1200
21,Ramechhap,1546,central,hill,2012/2013,Millet,5060,4425,875
21,Ramechhap,1546,central,hill,2013/2014,Millet,5060,4402,870
21,Ramechhap,1546,central,hill,2014/2015,Millet,5060,4550,899
22,Dolakha,2191,central,mountain,2000/2001,Millet,3590,4154,1157
22,Dolakha,2191,central,mountain,2001/2002,Millet,3590,3914,1090
22,Dolakha,2191,central,mountain,2002/2003,Millet,3590,3914,1090
22,Dolakha,2191,central,mountain,2003/2004,Millet,3590,3914,1090
22,Dolakha,2191,central,mountain,2004/2005,Millet,3585,3944,1100
22,Dolakha,2191,central,mountain,2005/2006,Millet,3585,3550,990
22,Dolakha,2191,central,mountain,2006/2007,Millet,3575,3540,990
22,Dolakha,2191,central,mountain,2007/2008,Millet,3575,3540,990
22,Dolakha,2191,central,mountain,2008/2009,Millet,3575,3580,1001
22,Dolakha,2191,central,mountain,2009/2010,Millet,3555,4159,1170
22,Dolakha,2191,central,mountain,2010/2011,Millet,3555,4094,1152
22,Dolakha,2191,central,mountain,2011/2012,Millet,3562,4630,1300
22,Dolakha,2191,central,mountain,2012/2013,Millet,3568,4200,1177
22,Dolakha,2191,central,mountain,2013/2014,Millet,3600,4250,1181
22,Dolakha,2191,central,mountain,2014/2015,Millet,3600,4250,1181
23,Sindhupalchok,2542,central,mountain,2000/2001,Millet,19000,25000,1316
23,Sindhupalchok,2542,central,mountain,2001/2002,Millet,19400,24040,1239
23,Sindhupalchok,2542,central,mountain,2002/2003,Millet,19440,24215,1246
23,Sindhupalchok,2542,central,mountain,2003/2004,Millet,19440,24215,1246
23,Sindhupalchok,2542,central,mountain,2004/2005,Millet,19440,21104,1086
23,Sindhupalchok,2542,central,mountain,2005/2006,Millet,19300,20500,1062
23,Sindhupalchok,2542,central,mountain,2006/2007,Millet,19500,19500,1000
23,Sindhupalchok,2542,central,mountain,2007/2008,Millet,19500,19500,1000
23,Sindhupalchok,2542,central,mountain,2008/2009,Millet,19295,21070,1092
23,Sindhupalchok,2542,central,mountain,2009/2010,Millet,19295,22000,1140
23,Sindhupalchok,2542,central,mountain,2010/2011,Millet,19330,19330,1000
23,Sindhupalchok,2542,central,mountain,2011/2012,Millet,19330,21263,1100
23,Sindhupalchok,2542,central,mountain,2012/2013,Millet,19320,21252,1100
23,Sindhupalchok,2542,central,mountain,2013/2014,Millet,19320,21252,1100
23,Sindhupalchok,2542,central,mountain,2014/2015,Millet,19320,22252,1152
24,Kavrepalanchok,1396,central,hill,2000/2001,Millet,1500,1500,1000
24,Kavrepalanchok,1396,central,hill,2001/2002,Millet,1500,1500,1000
24,Kavrepalanchok,1396,central,hill,2002/2003,Millet,1000,1000,1000
24,Kavrepalanchok,1396,central,hill,2003/2004,Millet,1000,1000,1000
24,Kavrepalanchok,1396,central,hill,2004/2005,Millet,3500,3465,990
24,Kavrepalanchok,1396,central,hill,2005/2006,Millet,3500,3510,1003
24,Kavrepalanchok,1396,central,hill,2006/2007,Millet,3500,3510,1003
24,Kavrepalanchok,1396,central,hill,2007/2008,Millet,3450,3500,1014
24,Kavrepalanchok,1396,central,hill,2008/2009,Millet,3505,3505,1000
24,Kavrepalanchok,1396,central,hill,2009/2010,Millet,3555,3604,1014
24,Kavrepalanchok,1396,central,hill,2010/2011,Millet,3505,3550,1013
24,Kavrepalanchok,1396,central,hill,2011/2012,Millet,3500,3850,1100
24,Kavrepalanchok,1396,central,hill,2012/2013,Millet,3505,3506,1000
24,Kavrepalanchok,1396,central,hill,2013/2014,Millet,3505,3501,999
24,Kavrepalanchok,1396,central,hill,2014/2015,Millet,3515,4042,1150
25,Lalitpur,385,central,hill,2000/2001,Millet,1350,1750,1296
25,Lalitpur,385,central,hill,2001/2002,Millet,630,740,1175
25,Lalitpur,385,central,hill,2002/2003,Millet,610,732,1200
25,Lalitpur,385,central,hill,2003/2004,Millet,610,732,1200
25,Lalitpur,385,central,hill,2004/2005,Millet,610,751,1231
25,Lalitpur,385,central,hill,2005/2006,Millet,610,751,1231
25,Lalitpur,385,central,hill,2006/2007,Millet,608,699,1150
25,Lalitpur,385,central,hill,2007/2008,Millet,605,786,1299
25,Lalitpur,385,central,hill,2008/2009,Millet,605,786,1299
25,Lalitpur,385,central,hill,2009/2010,Millet,600,786,1310
25,Lalitpur,385,central,hill,2010/2011,Millet,580,672,1159
25,Lalitpur,385,central,hill,2011/2012,Millet,575,690,1200
25,Lalitpur,385,central,hill,2012/2013,Millet,575,690,1200
25,Lalitpur,385,central,hill,2013/2014,Millet,575,575,1000
25,Lalitpur,385,central,hill,2014/2015,Millet,570,570,1000
26,Bhaktapur,119,central,hill,2000/2001,Millet,350,480,1371
26,Bhaktapur,119,central,hill,2001/2002,Millet,160,200,1250
26,Bhaktapur,119,central,hill,2002/2003,Millet,160,200,1250
26,Bhaktapur,119,central,hill,2003/2004,Millet,160,200,1250
26,Bhaktapur,119,central,hill,2004/2005,Millet,100,140,1400
26,Bhaktapur,119,central,hill,2005/2006,Millet,100,140,1400
26,Bhaktapur,119,central,hill,2006/2007,Millet,100,140,1400
26,Bhaktapur,119,central,hill,2007/2008,Millet,100,140,1400
26,Bhaktapur,119,central,hill,2008/2009,Millet,100,140,1400
26,Bhaktapur,119,central,hill,2009/2010,Millet,100,100,1000
26,Bhaktapur,119,central,hill,2010/2011,Millet,100,140,1400
26,Bhaktapur,119,central,hill,2011/2012,Millet,100,140,1400
26,Bhaktapur,119,central,hill,2012/2013,Millet,106,150,1415
26,Bhaktapur,119,central,hill,2013/2014,Millet,106,153,1443
26,Bhaktapur,119,central,hill,2014/2015,Millet,110,156,1418
27,Kathmandu,395,central,hill,2000/2001,Millet,996,1004,1008
27,Kathmandu,395,central,hill,2001/2002,Millet,900,900,1000
27,Kathmandu,395,central,hill,2002/2003,Millet,900,900,1000
27,Kathmandu,395,central,hill,2003/2004,Millet,900,900,1000
27,Kathmandu,395,central,hill,2004/2005,Millet,890,890,1000
27,Kathmandu,395,central,hill,2005/2006,Millet,880,880,1000
27,Kathmandu,395,central,hill,2006/2007,Millet,860,860,1000
27,Kathmandu,395,central,hill,2007/2008,Millet,870,870,1000
27,Kathmandu,395,central,hill,2008/2009,Millet,850,850,1000
27,Kathmandu,395,central,hill,2009/2010,Millet,850,850,1000
27,Kathmandu,395,central,hill,2010/2011,Millet,714,715,1001
27,Kathmandu,395,central,hill,2011/2012,Millet,852,852,1000
27,Kathmandu,395,central,hill,2012/2013,Millet,850,850,1000
27,Kathmandu,395,central,hill,2013/2014,Millet,852,852,1000
27,Kathmandu,395,central,hill,2014/2015,Millet,852,852,1000
28,Nuwakot,1121,central,hill,2000/2001,Millet,5900,6400,1085
28,Nuwakot,1121,central,hill,2001/2002,Millet,5900,6490,1100
28,Nuwakot,1121,central,hill,2002/2003,Millet,5900,6490,1100
28,Nuwakot,1121,central,hill,2003/2004,Millet,5900,6490,1100
28,Nuwakot,1121,central,hill,2004/2005,Millet,5900,6500,1102
28,Nuwakot,1121,central,hill,2005/2006,Millet,5900,7850,1331
28,Nuwakot,1121,central,hill,2006/2007,Millet,5900,7080,1200
28,Nuwakot,1121,central,hill,2007/2008,Millet,5900,7800,1322
28,Nuwakot,1121,central,hill,2008/2009,Millet,5822,7051,1211
28,Nuwakot,1121,central,hill,2009/2010,Millet,5822,7051,1211
28,Nuwakot,1121,central,hill,2010/2011,Millet,5805,10449,1800
28,Nuwakot,1121,central,hill,2011/2012,Millet,5805,10681,1840
28,Nuwakot,1121,central,hill,2012/2013,Millet,5085,9153,1800
28,Nuwakot,1121,central,hill,2013/2014,Millet,5120,9728,1900
28,Nuwakot,1121,central,hill,2014/2015,Millet,5125,9950,1941
29,Rasuwa,1544,central,mountain,2000/2001,Millet,1330,1436,1080
29,Rasuwa,1544,central,mountain,2001/2002,Millet,1330,1330,1000
29,Rasuwa,1544,central,mountain,2002/2003,Millet,1330,1330,1000
29,Rasuwa,1544,central,mountain,2003/2004,Millet,1330,1330,1000
29,Rasuwa,1544,central,mountain,2004/2005,Millet,1050,1155,1100
29,Rasuwa,1544,central,mountain,2005/2006,Millet,1050,1155,1100
29,Rasuwa,1544,central,mountain,2006/2007,Millet,1050,1155,1100
29,Rasuwa,1544,central,mountain,2007/2008,Millet,1050,1155,1100
29,Rasuwa,1544,central,mountain,2008/2009,Millet,1050,1155,1100
29,Rasuwa,1544,central,mountain,2009/2010,Millet,1050,1060,1010
29,Rasuwa,1544,central,mountain,2010/2011,Millet,1045,1035,990
29,Rasuwa,1544,central,mountain,2011/2012,Millet,980,901,920
29,Rasuwa,1544,central,mountain,2012/2013,Millet,980,791,807
29,Rasuwa,1544,central,mountain,2013/2014,Millet,900,833,926
29,Rasuwa,1544,central,mountain,2014/2015,Millet,895,902,1008
30,Dhading,1926,central,hill,2000/2001,Millet,6870,5700,830
30,Dhading,1926,central,hill,2001/2002,Millet,7250,7010,967
30,Dhading,1926,central,hill,2002/2003,Millet,7250,7010,967
30,Dhading,1926,central,hill,2003/2004,Millet,7250,7010,967
30,Dhading,1926,central,hill,2004/2005,Millet,7589,7303,962
30,Dhading,1926,central,hill,2005/2006,Millet,7589,7603,1002
30,Dhading,1926,central,hill,2006/2007,Millet,7590,7590,1000
30,Dhading,1926,central,hill,2007/2008,Millet,7585,7615,1004
30,Dhading,1926,central,hill,2008/2009,Millet,7540,7540,1000
30,Dhading,1926,central,hill,2009/2010,Millet,7520,7540,1003
30,Dhading,1926,central,hill,2010/2011,Millet,7140,7160,1003
30,Dhading,1926,central,hill,2011/2012,Millet,6930,6930,1000
30,Dhading,1926,central,hill,2012/2013,Millet,6930,6445,930
30,Dhading,1926,central,hill,2013/2014,Millet,6930,6953,1003
30,Dhading,1926,central,hill,2014/2015,Millet,6930,6594,952
31,Makwanpur,2426,central,hill,2000/2001,Millet,2875,3220,1120
31,Makwanpur,2426,central,hill,2001/2002,Millet,2800,3135,1120
31,Makwanpur,2426,central,hill,2002/2003,Millet,2800,3135,1120
31,Makwanpur,2426,central,hill,2003/2004,Millet,2800,3135,1120
31,Makwanpur,2426,central,hill,2004/2005,Millet,2792,3127,1120
31,Makwanpur,2426,central,hill,2005/2006,Millet,2792,3127,1120
31,Makwanpur,2426,central,hill,2006/2007,Millet,2961,3216,1086
31,Makwanpur,2426,central,hill,2007/2008,Millet,2792,3235,1159
31,Makwanpur,2426,central,hill,2008/2009,Millet,2900,3300,1138
31,Makwanpur,2426,central,hill,2009/2010,Millet,2860,3192,1116
31,Makwanpur,2426,central,hill,2010/2011,Millet,2850,3206,1125
31,Makwanpur,2426,central,hill,2011/2012,Millet,2660,3254,1223
31,Makwanpur,2426,central,hill,2012/2013,Millet,2660,3257,1224
31,Makwanpur,2426,central,hill,2013/2014,Millet,2645,3280,1240
31,Makwanpur,2426,central,hill,2014/2015,Millet,2645,3280,1240
32,Rautahat,1126,central,terai,2000/2001,Millet,80,96,1200
32,Rautahat,1126,central,terai,2001/2002,Millet,75,75,1000
32,Rautahat,1126,central,terai,2002/2003,Millet,75,75,1000
32,Rautahat,1126,central,terai,2003/2004,Millet,75,75,1000
32,Rautahat,1126,central,terai,2004/2005,Millet,75,75,1000
32,Rautahat,1126,central,terai,2005/2006,Millet,75,75,1000
32,Rautahat,1126,central,terai,2006/2007,Millet,75,75,1000
32,Rautahat,1126,central,terai,2007/2008,Millet,70,56,800
32,Rautahat,1126,central,terai,2008/2009,Millet,60,54,900
32,Rautahat,1126,central,terai,2009/2010,Millet,60,65,1083
32,Rautahat,1126,central,terai,2010/2011,Millet,60,45,750
32,Rautahat,1126,central,terai,2011/2012,Millet,60,51,850
32,Rautahat,1126,central,terai,2012/2013,Millet,60,51,850
32,Rautahat,1126,central,terai,2013/2014,Millet,60,52,867
32,Rautahat,1126,central,terai,2014/2015,Millet,62,53,855
33,Bara,1190,central,terai,2000/2001,Millet,125,125,1000
33,Bara,1190,central,terai,2001/2002,Millet,102,150,1471
33,Bara,1190,central,terai,2002/2003,Millet,105,76,724
33,Bara,1190,central,terai,2003/2004,Millet,105,76,724
33,Bara,1190,central,terai,2004/2005,Millet,102,76,745
33,Bara,1190,central,terai,2005/2006,Millet,100,112,1120
33,Bara,1190,central,terai,2006/2007,Millet,73,93,1274
33,Bara,1190,central,terai,2007/2008,Millet,70,80,1143
33,Bara,1190,central,terai,2008/2009,Millet,75,100,1333
33,Bara,1190,central,terai,2009/2010,Millet,78,101,1295
33,Bara,1190,central,terai,2010/2011,Millet,78,85,1090
33,Bara,1190,central,terai,2011/2012,Millet,77,98,1280
33,Bara,1190,central,terai,2012/2013,Millet,70,91,1300
33,Bara,1190,central,terai,2013/2014,Millet,78,105,1346
33,Bara,1190,central,terai,2014/2015,Millet,79,103,1304
34,Parsa,1353,central,terai,2000/2001,Millet,105,105,1000
34,Parsa,1353,central,terai,2001/2002,Millet,103,103,1000
34,Parsa,1353,central,terai,2002/2003,Millet,103,103,1000
34,Parsa,1353,central,terai,2003/2004,Millet,103,103,1000
34,Parsa,1353,central,terai,2004/2005,Millet,90,90,1000
34,Parsa,1353,central,terai,2005/2006,Millet,90,90,1000
34,Parsa,1353,central,terai,2006/2007,Millet,80,75,938
34,Parsa,1353,central,terai,2007/2008,Millet,80,80,1000
34,Parsa,1353,central,terai,2008/2009,Millet,75,75,1000
34,Parsa,1353,central,terai,2009/2010,Millet,75,75,1000
34,Parsa,1353,central,terai,2010/2011,Millet,81,83,1025
34,Parsa,1353,central,terai,2011/2012,Millet,82,75.44,920
34,Parsa,1353,central,terai,2012/2013,Millet,85,77,906
34,Parsa,1353,central,terai,2013/2014,Millet,86,86,1000
34,Parsa,1353,central,terai,2014/2015,Millet,,,
35,Chitawan,2218,central,terai,2000/2001,Millet,2000,2400,1200
35,Chitawan,2218,central,terai,2001/2002,Millet,2000,2000,1000
35,Chitawan,2218,central,terai,2002/2003,Millet,2000,1600,800
35,Chitawan,2218,central,terai,2003/2004,Millet,2000,1600,800
35,Chitawan,2218,central,terai,2004/2005,Millet,1990,1990,1000
35,Chitawan,2218,central,terai,2005/2006,Millet,1950,1950,1000
35,Chitawan,2218,central,terai,2006/2007,Millet,1815,1810,997
35,Chitawan,2218,central,terai,2007/2008,Millet,1815,1810,997
35,Chitawan,2218,central,terai,2008/2009,Millet,1815,1815,1000
35,Chitawan,2218,central,terai,2009/2010,Millet,1810,1868,1032
35,Chitawan,2218,central,terai,2010/2011,Millet,1810,1868,1032
35,Chitawan,2218,central,terai,2011/2012,Millet,1750,1750,1000
35,Chitawan,2218,central,terai,2012/2013,Millet,1650,1650,1000
35,Chitawan,2218,central,terai,2013/2014,Millet,1650,1600,970
35,Chitawan,2218,central,terai,2014/2015,Millet,1550,1550,1000
36,Gorkha,3610,western,hill,2000/2001,Millet,137980,15984,1160
36,Gorkha,3610,western,hill,2001/2002,Millet,13780,16122,1170
36,Gorkha,3610,western,hill,2002/2003,Millet,13740,16350,1190
36,Gorkha,3610,western,hill,2003/2004,Millet,13740,16350,1190
36,Gorkha,3610,western,hill,2004/2005,Millet,13740,16490,1200
36,Gorkha,3610,western,hill,2005/2006,Millet,13740,16490,1200
36,Gorkha,3610,western,hill,2006/2007,Millet,11679,13781,1180
36,Gorkha,3610,western,hill,2007/2008,Millet,11670,13800,1183
36,Gorkha,3610,western,hill,2008/2009,Millet,11680,13821,1183
36,Gorkha,3610,western,hill,2009/2010,Millet,11679,12679,1086
36,Gorkha,3610,western,hill,2010/2011,Millet,11605,11605,1000
36,Gorkha,3610,western,hill,2011/2012,Millet,11605,11605,1000
36,Gorkha,3610,western,hill,2012/2013,Millet,11605,13926,1200
36,Gorkha,3610,western,hill,2013/2014,Millet,11605,13928,1200
36,Gorkha,3610,western,hill,2014/2015,Millet,11605,15929,1373
37,Lamjung,1692,western,hill,2000/2001,Millet,8090,7520,930
37,Lamjung,1692,western,hill,2001/2002,Millet,9770,9770,1000
37,Lamjung,1692,western,hill,2002/2003,Millet,8100,7776,960
37,Lamjung,1692,western,hill,2003/2004,Millet,8100,7776,960
37,Lamjung,1692,western,hill,2004/2005,Millet,8120,7776,958
37,Lamjung,1692,western,hill,2005/2006,Millet,7988,8010,1003
37,Lamjung,1692,western,hill,2006/2007,Millet,7900,7512,951
37,Lamjung,1692,western,hill,2007/2008,Millet,7900,7512,951
37,Lamjung,1692,western,hill,2008/2009,Millet,7500,7500,1000
37,Lamjung,1692,western,hill,2009/2010,Millet,7900,8212,1039
37,Lamjung,1692,western,hill,2010/2011,Millet,7919,7919,1000
37,Lamjung,1692,western,hill,2011/2012,Millet,7919,9898,1249
37,Lamjung,1692,western,hill,2012/2013,Millet,7919,9936,1255
37,Lamjung,1692,western,hill,2013/2014,Millet,7919,7523,950
37,Lamjung,1692,western,hill,2014/2015,Millet,7919,8523,1076
38,Tanahu,1546,western,hill,2000/2001,Millet,6427,7809,1215
38,Tanahu,1546,western,hill,2001/2002,Millet,6425,7745,1205
38,Tanahu,1546,western,hill,2002/2003,Millet,6550,7700,1176
38,Tanahu,1546,western,hill,2003/2004,Millet,6550,7700,1176
38,Tanahu,1546,western,hill,2004/2005,Millet,6550,8089,1235
38,Tanahu,1546,western,hill,2005/2006,Millet,6600,8346,1265
38,Tanahu,1546,western,hill,2006/2007,Millet,6700,6180,922
38,Tanahu,1546,western,hill,2007/2008,Millet,6705,6200,925
38,Tanahu,1546,western,hill,2008/2009,Millet,6710,6274,935
38,Tanahu,1546,western,hill,2009/2010,Millet,6700,7289,1088
38,Tanahu,1546,western,hill,2010/2011,Millet,6710,6715,1001
38,Tanahu,1546,western,hill,2011/2012,Millet,6710,6710,1000
38,Tanahu,1546,western,hill,2012/2013,Millet,6710,6710,1000
38,Tanahu,1546,western,hill,2013/2014,Millet,6350,5715,900
38,Tanahu,1546,western,hill,2014/2015,Millet,6360,5850,920
39,Syangja,1164,western,hill,2000/2001,Millet,17500,21000,1200
39,Syangja,1164,western,hill,2001/2002,Millet,17500,21078,1204
39,Syangja,1164,western,hill,2002/2003,Millet,18000,21000,1167
39,Syangja,1164,western,hill,2003/2004,Millet,18000,21000,1167
39,Syangja,1164,western,hill,2004/2005,Millet,17000,20400,1200
39,Syangja,1164,western,hill,2005/2006,Millet,17000,20400,1200
39,Syangja,1164,western,hill,2006/2007,Millet,16800,20160,1200
39,Syangja,1164,western,hill,2007/2008,Millet,16800,20320,1210
39,Syangja,1164,western,hill,2008/2009,Millet,16800,19341,1151
39,Syangja,1164,western,hill,2009/2010,Millet,16800,19341,1151
39,Syangja,1164,western,hill,2010/2011,Millet,16805,19325,1150
39,Syangja,1164,western,hill,2011/2012,Millet,16805,19325,1150
39,Syangja,1164,western,hill,2012/2013,Millet,16805,19326,1150
39,Syangja,1164,western,hill,2013/2014,Millet,16805,18815,1120
39,Syangja,1164,western,hill,2014/2015,Millet,16505,19350,1172
40,Kaski,2017,western,hill,2000/2001,Millet,10557,10557,1000
40,Kaski,2017,western,hill,2001/2002,Millet,10524,14730,14000
40,Kaski,2017,western,hill,2002/2003,Millet,10488,14730,1404
40,Kaski,2017,western,hill,2003/2004,Millet,10488,14730,1404
40,Kaski,2017,western,hill,2004/2005,Millet,10488,14730,1404
40,Kaski,2017,western,hill,2005/2006,Millet,11479,15037,1310
40,Kaski,2017,western,hill,2006/2007,Millet,14485,19410,1340
40,Kaski,2017,western,hill,2007/2008,Millet,14485,19410,1340
40,Kaski,2017,western,hill,2008/2009,Millet,16101,19410,1206
40,Kaski,2017,western,hill,2009/2010,Millet,16050,18297,1140
40,Kaski,2017,western,hill,2010/2011,Millet,16640,17568,1056
40,Kaski,2017,western,hill,2011/2012,Millet,15110,17700,1171
40,Kaski,2017,western,hill,2012/2013,Millet,14757,17094,1158
40,Kaski,2017,western,hill,2013/2014,Millet,14767,17278,1170
40,Kaski,2017,western,hill,2014/2015,Millet,14767,18720,1268
41,Manang,2246,western,mountain,2000/2001,Millet,,,
41,Manang,2246,western,mountain,2001/2002,Millet,,,
41,Manang,2246,western,mountain,2002/2003,Millet,,,
41,Manang,2246,western,mountain,2003/2004,Millet,,,
41,Manang,2246,western,mountain,2004/2005,Millet,,,
41,Manang,2246,western,mountain,2005/2006,Millet,,,
41,Manang,2246,western,mountain,2006/2007,Millet,3,3,1000
41,Manang,2246,western,mountain,2007/2008,Millet,3,3,1000
41,Manang,2246,western,mountain,2008/2009,Millet,3,3,1000
41,Manang,2246,western,mountain,2009/2010,Millet,3,3,1000
41,Manang,2246,western,mountain,2010/2011,Millet,,,
41,Manang,2246,western,mountain,2011/2012,Millet,,,
41,Manang,2246,western,mountain,2012/2013,Millet,,,
41,Manang,2246,western,mountain,2013/2014,Millet,,,
41,Manang,2246,western,mountain,2014/2015,Millet,,,
42,Mustang,3573,western,mountain,2000/2001,Millet,,,
42,Mustang,3573,western,mountain,2001/2002,Millet,,,
42,Mustang,3573,western,mountain,2002/2003,Millet,,,
42,Mustang,3573,western,mountain,2003/2004,Millet,,,
42,Mustang,3573,western,mountain,2004/2005,Millet,,,
42,Mustang,3573,western,mountain,2005/2006,Millet,,,
42,Mustang,3573,western,mountain,2006/2007,Millet,4,4,1000
42,Mustang,3573,western,mountain,2007/2008,Millet,4,4,1000
42,Mustang,3573,western,mountain,2008/2009,Millet,4,4,1000
42,Mustang,3573,western,mountain,2009/2010,Millet,4,4,1000
42,Mustang,3573,western,mountain,2010/2011,Millet,,,
42,Mustang,3573,western,mountain,2011/2012,Millet,,,
42,Mustang,3573,western,mountain,2012/2013,Millet,,,
42,Mustang,3573,western,mountain,2013/2014,Millet,,,
42,Mustang,3573,western,mountain,2014/2015,Millet,,,
43,Myagdi,2297,western,hill,2000/2001,Millet,2808,2808,1000
43,Myagdi,2297,western,hill,2001/2002,Millet,2790,2790,1000
43,Myagdi,2297,western,hill,2002/2003,Millet,3730,3730,1000
43,Myagdi,2297,western,hill,2003/2004,Millet,3730,3730,1000
43,Myagdi,2297,western,hill,2004/2005,Millet,3780,3591,950
43,Myagdi,2297,western,hill,2005/2006,Millet,3780,3591,950
43,Myagdi,2297,western,hill,2006/2007,Millet,3780,3591,950
43,Myagdi,2297,western,hill,2007/2008,Millet,3758,3758,1000
43,Myagdi,2297,western,hill,2008/2009,Millet,3048,3105,1019
43,Myagdi,2297,western,hill,2009/2010,Millet,3048,3136,1029
43,Myagdi,2297,western,hill,2010/2011,Millet,3048,3320,1089
43,Myagdi,2297,western,hill,2011/2012,Millet,3048,3386,1111
43,Myagdi,2297,western,hill,2012/2013,Millet,2743,3390,1236
43,Myagdi,2297,western,hill,2013/2014,Millet,2743,3425,1249
43,Myagdi,2297,western,hill,2014/2015,Millet,2740,3493,1275
44,Parbat,494,western,hill,2000/2001,Millet,8948,8948,1000
44,Parbat,494,western,hill,2001/2002,Millet,8889,8500,956
44,Parbat,494,western,hill,2002/2003,Millet,8889,8711,980
44,Parbat,494,western,hill,2003/2004,Millet,8889,8711,980
44,Parbat,494,western,hill,2004/2005,Millet,8980,7812,870
44,Parbat,494,western,hill,2005/2006,Millet,8950,8771,980
44,Parbat,494,western,hill,2006/2007,Millet,8950,6970,779
44,Parbat,494,western,hill,2007/2008,Millet,8950,6970,779
44,Parbat,494,western,hill,2008/2009,Millet,8890,8110,912
44,Parbat,494,western,hill,2009/2010,Millet,8890,9190,1034
44,Parbat,494,western,hill,2010/2011,Millet,8845,8960,1013
44,Parbat,494,western,hill,2011/2012,Millet,8845,8049,910
44,Parbat,494,western,hill,2012/2013,Millet,8770,7630,870
44,Parbat,494,western,hill,2013/2014,Millet,8770,7893,900
44,Parbat,494,western,hill,2014/2015,Millet,8750,7498,857
45,Baglung,1784,western,hill,2000/2001,Millet,18550,21333,1150
45,Baglung,1784,western,hill,2001/2002,Millet,20040,22000,1098
45,Baglung,1784,western,hill,2002/2003,Millet,20100,22185,1104
45,Baglung,1784,western,hill,2003/2004,Millet,20100,22185,1104
45,Baglung,1784,western,hill,2004/2005,Millet,18165,21974,1210
45,Baglung,1784,western,hill,2005/2006,Millet,18165,21974,1210
45,Baglung,1784,western,hill,2006/2007,Millet,18165,21974,1210
45,Baglung,1784,western,hill,2007/2008,Millet,18900,23058,1220
45,Baglung,1784,western,hill,2008/2009,Millet,18920,23900,1263
45,Baglung,1784,western,hill,2009/2010,Millet,18920,23920,1264
45,Baglung,1784,western,hill,2010/2011,Millet,17700,23030,1301
45,Baglung,1784,western,hill,2011/2012,Millet,18655,22386,1200
45,Baglung,1784,western,hill,2012/2013,Millet,18635,21989,1180
45,Baglung,1784,western,hill,2013/2014,Millet,18615,21965,1180
45,Baglung,1784,western,hill,2014/2015,Millet,18559,21785,1174
46,Gulmi,1149,western,hill,2000/2001,Millet,2960,3885,1309
46,Gulmi,1149,western,hill,2001/2002,Millet,2960,3580,1209
46,Gulmi,1149,western,hill,2002/2003,Millet,2960,3580,1209
46,Gulmi,1149,western,hill,2003/2004,Millet,2960,3580,1209
46,Gulmi,1149,western,hill,2004/2005,Millet,2735,3707,1355
46,Gulmi,1149,western,hill,2005/2006,Millet,2730,3703,1356
46,Gulmi,1149,western,hill,2006/2007,Millet,2730,3703,1356
46,Gulmi,1149,western,hill,2007/2008,Millet,2730,3703,1356
46,Gulmi,1149,western,hill,2008/2009,Millet,2915,3971,1362
46,Gulmi,1149,western,hill,2009/2010,Millet,2915,3971,1362
46,Gulmi,1149,western,hill,2010/2011,Millet,2916,2858,980
46,Gulmi,1149,western,hill,2011/2012,Millet,2922,2863,979
46,Gulmi,1149,western,hill,2012/2013,Millet,2918,2589,887
46,Gulmi,1149,western,hill,2013/2014,Millet,2900,2900,1000
46,Gulmi,1149,western,hill,2014/2015,Millet,2905,2915,1003
47,Palpa,1373,western,hill,2000/2001,Millet,2425,2667,1100
47,Palpa,1373,western,hill,2001/2002,Millet,2433,2408,990
47,Palpa,1373,western,hill,2002/2003,Millet,243.3,2408,990
47,Palpa,1373,western,hill,2003/2004,Millet,2433,2408,990
47,Palpa,1373,western,hill,2004/2005,Millet,2435,2515,1033
47,Palpa,1373,western,hill,2005/2006,Millet,2435,2515,1033
47,Palpa,1373,western,hill,2006/2007,Millet,2415,2415,1000
47,Palpa,1373,western,hill,2007/2008,Millet,2420,2504,1035
47,Palpa,1373,western,hill,2008/2009,Millet,2540,2550,1004
47,Palpa,1373,western,hill,2009/2010,Millet,2540,2590,1020
47,Palpa,1373,western,hill,2010/2011,Millet,2580,2920,1132
47,Palpa,1373,western,hill,2011/2012,Millet,2540,2590,1019
47,Palpa,1373,western,hill,2012/2013,Millet,2540,2588,1019
47,Palpa,1373,western,hill,2013/2014,Millet,2538,2587,1019
47,Palpa,1373,western,hill,2014/2015,Millet,2573,2587,1005
48,Nawalparasi,2162,western,terai,2000/2001,Millet,500,550,1100
48,Nawalparasi,2162,western,terai,2001/2002,Millet,500,500,1000
48,Nawalparasi,2162,western,terai,2002/2003,Millet,500,550,1100
48,Nawalparasi,2162,western,terai,2003/2004,Millet,500,550,1100
48,Nawalparasi,2162,western,terai,2004/2005,Millet,550,550,1000
48,Nawalparasi,2162,western,terai,2005/2006,Millet,500,550,1100
48,Nawalparasi,2162,western,terai,2006/2007,Millet,500,500,1000
48,Nawalparasi,2162,western,terai,2007/2008,Millet,500,500,1000
48,Nawalparasi,2162,western,terai,2008/2009,Millet,500,500,1000
48,Nawalparasi,2162,western,terai,2009/2010,Millet,500,550,1100
48,Nawalparasi,2162,western,terai,2010/2011,Millet,500,500,1000
48,Nawalparasi,2162,western,terai,2011/2012,Millet,450,495,1100
48,Nawalparasi,2162,western,terai,2012/2013,Millet,450,495,1100
48,Nawalparasi,2162,western,terai,2013/2014,Millet,500,515,1030
48,Nawalparasi,2162,western,terai,2014/2015,Millet,500,520,1040
49,Rupandehi,1360,western,terai,2000/2001,Millet,60,70,1167
49,Rupandehi,1360,western,terai,2001/2002,Millet,10,10,1000
49,Rupandehi,1360,western,terai,2002/2003,Millet,5,5,1000
49,Rupandehi,1360,western,terai,2003/2004,Millet,5,5,1000
49,Rupandehi,1360,western,terai,2004/2005,Millet,5,5,1000
49,Rupandehi,1360,western,terai,2005/2006,Millet,,,
49,Rupandehi,1360,western,terai,2006/2007,Millet,100,90,900
49,Rupandehi,1360,western,terai,2007/2008,Millet,100,90,900
49,Rupandehi,1360,western,terai,2008/2009,Millet,100,100,1000
49,Rupandehi,1360,western,terai,2009/2010,Millet,100,110,1100
49,Rupandehi,1360,western,terai,2010/2011,Millet,100,100,1000
49,Rupandehi,1360,western,terai,2011/2012,Millet,,,
49,Rupandehi,1360,western,terai,2012/2013,Millet,,,
49,Rupandehi,1360,western,terai,2013/2014,Millet,120,125,
49,Rupandehi,1360,western,terai,2014/2015,Millet,50,55,1100
50,Kapilbastu,1738,western,terai,2000/2001,Millet,105,105,1000
50,Kapilbastu,1738,western,terai,2001/2002,Millet,100,100,1000
50,Kapilbastu,1738,western,terai,2002/2003,Millet,100,100,1000
50,Kapilbastu,1738,western,terai,2003/2004,Millet,100,100,1000
50,Kapilbastu,1738,western,terai,2004/2005,Millet,100,100,1000
50,Kapilbastu,1738,western,terai,2005/2006,Millet,100,100,1000
50,Kapilbastu,1738,western,terai,2006/2007,Millet,150,140,933
50,Kapilbastu,1738,western,terai,2007/2008,Millet,140,140,1000
50,Kapilbastu,1738,western,terai,2008/2009,Millet,140,140,1000
50,Kapilbastu,1738,western,terai,2009/2010,Millet,140,140,1000
50,Kapilbastu,1738,western,terai,2010/2011,Millet,100,100,1000
50,Kapilbastu,1738,western,terai,2011/2012,Millet,,,
50,Kapilbastu,1738,western,terai,2012/2013,Millet,,,
50,Kapilbastu,1738,western,terai,2013/2014,Millet,,,
50,Kapilbastu,1738,western,terai,2014/2015,Millet,,,
51,Arghakhanchi,1193,western,hill,2000/2001,Millet,850,820,965
51,Arghakhanchi,1193,western,hill,2001/2002,Millet,850,850,1000
51,Arghakhanchi,1193,western,hill,2002/2003,Millet,850,850,1000
51,Arghakhanchi,1193,western,hill,2003/2004,Millet,850,850,1000
51,Arghakhanchi,1193,western,hill,2004/2005,Millet,850,850,1000
51,Arghakhanchi,1193,western,hill,2005/2006,Millet,850,850,1000
51,Arghakhanchi,1193,western,hill,2006/2007,Millet,850,850,1000
51,Arghakhanchi,1193,western,hill,2007/2008,Millet,850,850,1000
51,Arghakhanchi,1193,western,hill,2008/2009,Millet,825,998,1210
51,Arghakhanchi,1193,western,hill,2009/2010,Millet,800,980,1225
51,Arghakhanchi,1193,western,hill,2010/2011,Millet,820,880,1073
51,Arghakhanchi,1193,western,hill,2011/2012,Millet,507,608,1199
51,Arghakhanchi,1193,western,hill,2012/2013,Millet,505,606,1200
51,Arghakhanchi,1193,western,hill,2013/2014,Millet,505,606,1200
51,Arghakhanchi,1193,western,hill,2014/2015,Millet,505,656,1299
52,Pyuthan,1309,mid-west,hill,2000/2001,Millet,2350,2525,1074
52,Pyuthan,1309,mid-west,hill,2001/2002,Millet,2025,2025,1000
52,Pyuthan,1309,mid-west,hill,2002/2003,Millet,52025,2025,1000
52,Pyuthan,1309,mid-west,hill,2003/2004,Millet,2025,2025,1000
52,Pyuthan,1309,mid-west,hill,2004/2005,Millet,2025,2025,1000
52,Pyuthan,1309,mid-west,hill,2005/2006,Millet,2025,2025,1000
52,Pyuthan,1309,mid-west,hill,2006/2007,Millet,2000,1700,850
52,Pyuthan,1309,mid-west,hill,2007/2008,Millet,1985,1985,1000
52,Pyuthan,1309,mid-west,hill,2008/2009,Millet,1985,1985,1000
52,Pyuthan,1309,mid-west,hill,2009/2010,Millet,1985,2005,1010
52,Pyuthan,1309,mid-west,hill,2010/2011,Millet,1985,1998,1007
52,Pyuthan,1309,mid-west,hill,2011/2012,Millet,1985,2000,1007
52,Pyuthan,1309,mid-west,hill,2012/2013,Millet,1985,2005,1010
52,Pyuthan,1309,mid-west,hill,2013/2014,Millet,1984,2006,1011
52,Pyuthan,1309,mid-west,hill,2014/2015,Millet,1995,2290,1148
53,Rolpa,1879,mid-west,hill,2000/2001,Millet,700,700,1000
53,Rolpa,1879,mid-west,hill,2001/2002,Millet,1050,1100,1048
53,Rolpa,1879,mid-west,hill,2002/2003,Millet,1050,1100,1048
53,Rolpa,1879,mid-west,hill,2003/2004,Millet,1050,1100,1048
53,Rolpa,1879,mid-west,hill,2004/2005,Millet,1050,1100,1048
53,Rolpa,1879,mid-west,hill,2005/2006,Millet,1067,1000,937
53,Rolpa,1879,mid-west,hill,2006/2007,Millet,1067,1000,937
53,Rolpa,1879,mid-west,hill,2007/2008,Millet,1067,1173,1099
53,Rolpa,1879,mid-west,hill,2008/2009,Millet,1067,1173,1099
53,Rolpa,1879,mid-west,hill,2009/2010,Millet,1060,1060,1000
53,Rolpa,1879,mid-west,hill,2010/2011,Millet,1061,1061,1000
53,Rolpa,1879,mid-west,hill,2011/2012,Millet,1059,1059,1000
53,Rolpa,1879,mid-west,hill,2012/2013,Millet,1061,1059,998
53,Rolpa,1879,mid-west,hill,2013/2014,Millet,1061,1273,1200
53,Rolpa,1879,mid-west,hill,2014/2015,Millet,1065,1320,1239
54,Rukum,2877,mid-west,hill,2000/2001,Millet,900,1125,1250
54,Rukum,2877,mid-west,hill,2001/2002,Millet,1140,1500,1316
54,Rukum,2877,mid-west,hill,2002/2003,Millet,1140,1500,1316
54,Rukum,2877,mid-west,hill,2003/2004,Millet,1140,1500,1316
54,Rukum,2877,mid-west,hill,2004/2005,Millet,1140,1500,1316
54,Rukum,2877,mid-west,hill,2005/2006,Millet,1140,1500,1316
54,Rukum,2877,mid-west,hill,2006/2007,Millet,1140,1500,1316
54,Rukum,2877,mid-west,hill,2007/2008,Millet,1140,1500,1316
54,Rukum,2877,mid-west,hill,2008/2009,Millet,925,860,930
54,Rukum,2877,mid-west,hill,2009/2010,Millet,960,1060,1104
54,Rukum,2877,mid-west,hill,2010/2011,Millet,960,979,1020
54,Rukum,2877,mid-west,hill,2011/2012,Millet,960,912,950
54,Rukum,2877,mid-west,hill,2012/2013,Millet,960,922,960
54,Rukum,2877,mid-west,hill,2013/2014,Millet,915,1573,1719
54,Rukum,2877,mid-west,hill,2014/2015,Millet,915,1601,1750
55,Salyan,1462,mid-west,hill,2000/2001,Millet,1900,2128,1120
55,Salyan,1462,mid-west,hill,2001/2002,Millet,1930,2162,1120
55,Salyan,1462,mid-west,hill,2002/2003,Millet,1930,2162,1120
55,Salyan,1462,mid-west,hill,2003/2004,Millet,1930,2162,1120
55,Salyan,1462,mid-west,hill,2004/2005,Millet,1920,2342,1220
55,Salyan,1462,mid-west,hill,2005/2006,Millet,1901,2291,1205
55,Salyan,1462,mid-west,hill,2006/2007,Millet,1901,2291,1205
55,Salyan,1462,mid-west,hill,2007/2008,Millet,1901,2291,1205
55,Salyan,1462,mid-west,hill,2008/2009,Millet,1920,2496,1300
55,Salyan,1462,mid-west,hill,2009/2010,Millet,1920,2312,1204
55,Salyan,1462,mid-west,hill,2010/2011,Millet,1910,2483,1300
55,Salyan,1462,mid-west,hill,2011/2012,Millet,1780,2320,1303
55,Salyan,1462,mid-west,hill,2012/2013,Millet,1780,2204,1238
55,Salyan,1462,mid-west,hill,2013/2014,Millet,2204,2004,909
55,Salyan,1462,mid-west,hill,2014/2015,Millet,2235,2335,1045
56,Dang,2955,mid-west,terai,2000/2001,Millet,170,153,900
56,Dang,2955,mid-west,terai,2001/2002,Millet,160,110,688
56,Dang,2955,mid-west,terai,2002/2003,Millet,160,110,688
56,Dang,2955,mid-west,terai,2003/2004,Millet,160,110,688
56,Dang,2955,mid-west,terai,2004/2005,Millet,135,135,1000
56,Dang,2955,mid-west,terai,2005/2006,Millet,135,135,1000
56,Dang,2955,mid-west,terai,2006/2007,Millet,135,135,1000
56,Dang,2955,mid-west,terai,2007/2008,Millet,170,160,941
56,Dang,2955,mid-west,terai,2008/2009,Millet,170,160,941
56,Dang,2955,mid-west,terai,2009/2010,Millet,170,183,1076
56,Dang,2955,mid-west,terai,2010/2011,Millet,150,150,1000
56,Dang,2955,mid-west,terai,2011/2012,Millet,100,100,1000
56,Dang,2955,mid-west,terai,2012/2013,Millet,20,20,1000
56,Dang,2955,mid-west,terai,2013/2014,Millet,19,19,1000
56,Dang,2955,mid-west,terai,2014/2015,Millet,20,20,1000
57,Banke,2337,mid-west,terai,2000/2001,Millet,,,
57,Banke,2337,mid-west,terai,2001/2002,Millet,,,
57,Banke,2337,mid-west,terai,2002/2003,Millet,,,
57,Banke,2337,mid-west,terai,2003/2004,Millet,,,
57,Banke,2337,mid-west,terai,2004/2005,Millet,,,
57,Banke,2337,mid-west,terai,2005/2006,Millet,,,
57,Banke,2337,mid-west,terai,2006/2007,Millet,,,
57,Banke,2337,mid-west,terai,2007/2008,Millet,,,
57,Banke,2337,mid-west,terai,2008/2009,Millet,,,
57,Banke,2337,mid-west,terai,2009/2010,Millet,,,
57,Banke,2337,mid-west,terai,2010/2011,Millet,,,
57,Banke,2337,mid-west,terai,2011/2012,Millet,,,
57,Banke,2337,mid-west,terai,2012/2013,Millet,,,
57,Banke,2337,mid-west,terai,2013/2014,Millet,,,
57,Banke,2337,mid-west,terai,2014/2015,Millet,,,
58,Bardiya,2025,mid-west,terai,2000/2001,Millet,10,10,1000
58,Bardiya,2025,mid-west,terai,2001/2002,Millet,,,
58,Bardiya,2025,mid-west,terai,2002/2003,Millet,,,
58,Bardiya,2025,mid-west,terai,2003/2004,Millet,,,
58,Bardiya,2025,mid-west,terai,2004/2005,Millet,,,
58,Bardiya,2025,mid-west,terai,2005/2006,Millet,,,
58,Bardiya,2025,mid-west,terai,2006/2007,Millet,,,
58,Bardiya,2025,mid-west,terai,2007/2008,Millet,,,
58,Bardiya,2025,mid-west,terai,2008/2009,Millet,,,
58,Bardiya,2025,mid-west,terai,2009/2010,Millet,,,
58,Bardiya,2025,mid-west,terai,2010/2011,Millet,,,
58,Bardiya,2025,mid-west,terai,2011/2012,Millet,,,
58,Bardiya,2025,mid-west,terai,2012/2013,Millet,,,
58,Bardiya,2025,mid-west,terai,2013/2014,Millet,,,
58,Bardiya,2025,mid-west,terai,2014/2015,Millet,,,
59,Surkhet,2451,mid-west,hill,2000/2001,Millet,1420,1931,1360
59,Surkhet,2451,mid-west,hill,2001/2002,Millet,1420,1732,1220
59,Surkhet,2451,mid-west,hill,2002/2003,Millet,1656,1987,1200
59,Surkhet,2451,mid-west,hill,2003/2004,Millet,1656,1987,1200
59,Surkhet,2451,mid-west,hill,2004/2005,Millet,1656,1656,1000
59,Surkhet,2451,mid-west,hill,2005/2006,Millet,1656,1656,1000
59,Surkhet,2451,mid-west,hill,2006/2007,Millet,1656,2070,1250
59,Surkhet,2451,mid-west,hill,2007/2008,Millet,2095,2724,1300
59,Surkhet,2451,mid-west,hill,2008/2009,Millet,2095,2726,1301
59,Surkhet,2451,mid-west,hill,2009/2010,Millet,2095,2703,1290
59,Surkhet,2451,mid-west,hill,2010/2011,Millet,2095,2703,1290
59,Surkhet,2451,mid-west,hill,2011/2012,Millet,2095,2800,1336
59,Surkhet,2451,mid-west,hill,2012/2013,Millet,2095,2750,1313
59,Surkhet,2451,mid-west,hill,2013/2014,Millet,2095,2832,1352
59,Surkhet,2451,mid-west,hill,2014/2015,Millet,2100,2950,1405
60,Dailekh,1502,mid-west,hill,2000/2001,Millet,2630,2893,1100
60,Dailekh,1502,mid-west,hill,2001/2002,Millet,2575,2832,1100
60,Dailekh,1502,mid-west,hill,2002/2003,Millet,2500,3135,1254
60,Dailekh,1502,mid-west,hill,2003/2004,Millet,2500,3135,1254
60,Dailekh,1502,mid-west,hill,2004/2005,Millet,2550,3315,1300
60,Dailekh,1502,mid-west,hill,2005/2006,Millet,2550,3315,1300
60,Dailekh,1502,mid-west,hill,2006/2007,Millet,2515,2515,1000
60,Dailekh,1502,mid-west,hill,2007/2008,Millet,2095,2723,1300
60,Dailekh,1502,mid-west,hill,2008/2009,Millet,2095,2723,1300
60,Dailekh,1502,mid-west,hill,2009/2010,Millet,2422,2843,1174
60,Dailekh,1502,mid-west,hill,2010/2011,Millet,2422,2628,1085
60,Dailekh,1502,mid-west,hill,2011/2012,Millet,2422,2518,1039.6
60,Dailekh,1502,mid-west,hill,2012/2013,Millet,2422,2643,1091
60,Dailekh,1502,mid-west,hill,2013/2014,Millet,2422,2643,1091
60,Dailekh,1502,mid-west,hill,2014/2015,Millet,2425,2645,1091
61,Jajarkot,2230,mid-west,hill,2000/2001,Millet,2063,2860,1390
61,Jajarkot,2230,mid-west,hill,2001/2002,Millet,2060,2860,1388
61,Jajarkot,2230,mid-west,hill,2002/2003,Millet,2060,2860,1388
61,Jajarkot,2230,mid-west,hill,2003/2004,Millet,2060,2860,1388
61,Jajarkot,2230,mid-west,hill,2004/2005,Millet,2060,2860,1388
61,Jajarkot,2230,mid-west,hill,2005/2006,Millet,2060,2860,1388
61,Jajarkot,2230,mid-west,hill,2006/2007,Millet,2060,2860,1388
61,Jajarkot,2230,mid-west,hill,2007/2008,Millet,2060,2860,1388
61,Jajarkot,2230,mid-west,hill,2008/2009,Millet,2060,2860,1388
61,Jajarkot,2230,mid-west,hill,2009/2010,Millet,2445,3108,1271
61,Jajarkot,2230,mid-west,hill,2010/2011,Millet,2525,4522,1791
61,Jajarkot,2230,mid-west,hill,2011/2012,Millet,2060,3708,1800
61,Jajarkot,2230,mid-west,hill,2012/2013,Millet,2106,3859,1832
61,Jajarkot,2230,mid-west,hill,2013/2014,Millet,1932,2297,1189
61,Jajarkot,2230,mid-west,hill,2014/2015,Millet,1935,2297,1187
62,Dolpa,7889,mid-west,mountain,2000/2001,Millet,700,700,1000
62,Dolpa,7889,mid-west,mountain,2001/2002,Millet,300,240,800
62,Dolpa,7889,mid-west,mountain,2002/2003,Millet,300,240,800
62,Dolpa,7889,mid-west,mountain,2003/2004,Millet,300,240,800
62,Dolpa,7889,mid-west,mountain,2004/2005,Millet,300,240,800
62,Dolpa,7889,mid-west,mountain,2005/2006,Millet,315,252,800
62,Dolpa,7889,mid-west,mountain,2006/2007,Millet,315,215,683
62,Dolpa,7889,mid-west,mountain,2007/2008,Millet,317,253,798
62,Dolpa,7889,mid-west,mountain,2008/2009,Millet,317,275,868
62,Dolpa,7889,mid-west,mountain,2009/2010,Millet,315,315,1000
62,Dolpa,7889,mid-west,mountain,2010/2011,Millet,325,260,800
62,Dolpa,7889,mid-west,mountain,2011/2012,Millet,325,487,1500
62,Dolpa,7889,mid-west,mountain,2012/2013,Millet,390,273,700
62,Dolpa,7889,mid-west,mountain,2013/2014,Millet,390,285,731
62,Dolpa,7889,mid-west,mountain,2014/2015,Millet,291,298,1024
63,Jumla,2531,mid-west,mountain,2000/2001,Millet,4145,4145,1000
63,Jumla,2531,mid-west,mountain,2001/2002,Millet,3750,4150,1107
63,Jumla,2531,mid-west,mountain,2002/2003,Millet,3750,4150,1107
63,Jumla,2531,mid-west,mountain,2003/2004,Millet,3750,4150,1107
63,Jumla,2531,mid-west,mountain,2004/2005,Millet,4000,4400,1100
63,Jumla,2531,mid-west,mountain,2005/2006,Millet,4000,4400,1100
63,Jumla,2531,mid-west,mountain,2006/2007,Millet,4000,4400,1100
63,Jumla,2531,mid-west,mountain,2007/2008,Millet,4000,4400,1100
63,Jumla,2531,mid-west,mountain,2008/2009,Millet,4000,4400,1100
63,Jumla,2531,mid-west,mountain,2009/2010,Millet,3950,4150,1051
63,Jumla,2531,mid-west,mountain,2010/2011,Millet,3950,4345,1100
63,Jumla,2531,mid-west,mountain,2011/2012,Millet,3700,3700,1000
63,Jumla,2531,mid-west,mountain,2012/2013,Millet,3800,4560,1200
63,Jumla,2531,mid-west,mountain,2013/2014,Millet,3890,4279,1100
63,Jumla,2531,mid-west,mountain,2014/2015,Millet,3840,4379,1140
64,Kalikot,1741,mid-west,mountain,2000/2001,Millet,1242,1243,1001
64,Kalikot,1741,mid-west,mountain,2001/2002,Millet,1150,1100,957
64,Kalikot,1741,mid-west,mountain,2002/2003,Millet,1150,11000,957
64,Kalikot,1741,mid-west,mountain,2003/2004,Millet,1150,1100,957
64,Kalikot,1741,mid-west,mountain,2004/2005,Millet,1150,1100,957
64,Kalikot,1741,mid-west,mountain,2005/2006,Millet,1150,1100,957
64,Kalikot,1741,mid-west,mountain,2006/2007,Millet,1150,1100,957
64,Kalikot,1741,mid-west,mountain,2007/2008,Millet,1252,1365,1090
64,Kalikot,1741,mid-west,mountain,2008/2009,Millet,1252,1260,1006
64,Kalikot,1741,mid-west,mountain,2009/2010,Millet,1252,1292,1032
64,Kalikot,1741,mid-west,mountain,2010/2011,Millet,1252,1377,1100
64,Kalikot,1741,mid-west,mountain,2011/2012,Millet,3700,3700,1000
64,Kalikot,1741,mid-west,mountain,2012/2013,Millet,1232,1291,1048
64,Kalikot,1741,mid-west,mountain,2013/2014,Millet,1232,1295,1051
64,Kalikot,1741,mid-west,mountain,2014/2015,Millet,1263,1983,1570
65,Mugu,3535,mid-west,mountain,2000/2001,Millet,1550,1760,1135
65,Mugu,3535,mid-west,mountain,2001/2002,Millet,1550,1525,984
65,Mugu,3535,mid-west,mountain,2002/2003,Millet,1550,1525,984
65,Mugu,3535,mid-west,mountain,2003/2004,Millet,1550,1525,984
65,Mugu,3535,mid-west,mountain,2004/2005,Millet,1572,1534,976
65,Mugu,3535,mid-west,mountain,2005/2006,Millet,1572,1550,986
65,Mugu,3535,mid-west,mountain,2006/2007,Millet,1572,1550,986
65,Mugu,3535,mid-west,mountain,2007/2008,Millet,1572,1550,986
65,Mugu,3535,mid-west,mountain,2008/2009,Millet,1572,1550,986
65,Mugu,3535,mid-west,mountain,2009/2010,Millet,1575,1575,1000
65,Mugu,3535,mid-west,mountain,2010/2011,Millet,1800,1650,917
65,Mugu,3535,mid-west,mountain,2011/2012,Millet,4500,4500,1000
65,Mugu,3535,mid-west,mountain,2012/2013,Millet,4500,4500,1000
65,Mugu,3535,mid-west,mountain,2013/2014,Millet,4488,4937,1100
65,Mugu,3535,mid-west,mountain,2014/2015,Millet,4275,4916,1150
66,Humla,5655,mid-west,mountain,2000/2001,Millet,1347,1062,788
66,Humla,5655,mid-west,mountain,2001/2002,Millet,1350,850,630
66,Humla,5655,mid-west,mountain,2002/2003,Millet,1351,932,690
66,Humla,5655,mid-west,mountain,2003/2004,Millet,1351,932,690
66,Humla,5655,mid-west,mountain,2004/2005,Millet,1360,1090,801
66,Humla,5655,mid-west,mountain,2005/2006,Millet,1360,1090,801
66,Humla,5655,mid-west,mountain,2006/2007,Millet,1360,1090,801
66,Humla,5655,mid-west,mountain,2007/2008,Millet,1360,1090,801
66,Humla,5655,mid-west,mountain,2008/2009,Millet,1360,1300,956
66,Humla,5655,mid-west,mountain,2009/2010,Millet,1308,1308,1000
66,Humla,5655,mid-west,mountain,2010/2011,Millet,1302,1315,1010
66,Humla,5655,mid-west,mountain,2011/2012,Millet,1280,1216,950
66,Humla,5655,mid-west,mountain,2012/2013,Millet,1216,1280,1053
66,Humla,5655,mid-west,mountain,2013/2014,Millet,1278,1163,910
66,Humla,5655,mid-west,mountain,2014/2015,Millet,1270,1312,1033
67,Bajura,2188,far-west,mountain,2000/2001,Millet,2520,2731,1084
67,Bajura,2188,far-west,mountain,2001/2002,Millet,2100,2150,1024
67,Bajura,2188,far-west,mountain,2002/2003,Millet,2100,2150,1024
67,Bajura,2188,far-west,mountain,2003/2004,Millet,2100,2150,1024
67,Bajura,2188,far-west,mountain,2004/2005,Millet,2100,2150,1024
67,Bajura,2188,far-west,mountain,2005/2006,Millet,2100,2150,1024
67,Bajura,2188,far-west,mountain,2006/2007,Millet,3000,2400,800
67,Bajura,2188,far-west,mountain,2007/2008,Millet,2520,2650,1052
67,Bajura,2188,far-west,mountain,2008/2009,Millet,2520,2650,1052
67,Bajura,2188,far-west,mountain,2009/2010,Millet,2610,2005,768
67,Bajura,2188,far-west,mountain,2010/2011,Millet,2610,2610,1000
67,Bajura,2188,far-west,mountain,2011/2012,Millet,2610,2871,1100
67,Bajura,2188,far-west,mountain,2012/2013,Millet,2610,2610,1000
67,Bajura,2188,far-west,mountain,2013/2014,Millet,2610,2610,2662
67,Bajura,2188,far-west,mountain,2014/2015,Millet,2610,2750,2662
68,Bajhang,3422,far-west,mountain,2000/2001,Millet,2285,2239,980
68,Bajhang,3422,far-west,mountain,2001/2002,Millet,2285,2285,1000
68,Bajhang,3422,far-west,mountain,2002/2003,Millet,2285,2285,1000
68,Bajhang,3422,far-west,mountain,2003/2004,Millet,2285,2285,1000
68,Bajhang,3422,far-west,mountain,2004/2005,Millet,2285,2285,1000
68,Bajhang,3422,far-west,mountain,2005/2006,Millet,2285,2285,1000
68,Bajhang,3422,far-west,mountain,2006/2007,Millet,2285,2285,1000
68,Bajhang,3422,far-west,mountain,2007/2008,Millet,2285,2170,950
68,Bajhang,3422,far-west,mountain,2008/2009,Millet,2285,2170,950
68,Bajhang,3422,far-west,mountain,2009/2010,Millet,2285,1830,801
68,Bajhang,3422,far-west,mountain,2010/2011,Millet,2285,2300,1007
68,Bajhang,3422,far-west,mountain,2011/2012,Millet,2286,2057,899.83
68,Bajhang,3422,far-west,mountain,2012/2013,Millet,2286,2057,900
68,Bajhang,3422,far-west,mountain,2013/2014,Millet,2286,2057,900
68,Bajhang,3422,far-west,mountain,2014/2015,Millet,2286,2300,1006
69,Achham,1680,far-west,hill,2000/2001,Millet,1634,1960,1200
69,Achham,1680,far-west,hill,2001/2002,Millet,1730,2000,1156
69,Achham,1680,far-west,hill,2002/2003,Millet,1730,2000,1156
69,Achham,1680,far-west,hill,2003/2004,Millet,1730,2000,1156
69,Achham,1680,far-west,hill,2004/2005,Millet,1730,2000,1156
69,Achham,1680,far-west,hill,2005/2006,Millet,1730,2000,1156
69,Achham,1680,far-west,hill,2006/2007,Millet,2545,2418,950
69,Achham,1680,far-west,hill,2007/2008,Millet,2545,2418,950
69,Achham,1680,far-west,hill,2008/2009,Millet,2545,2418,950
69,Achham,1680,far-west,hill,2009/2010,Millet,2843,3343,1176
69,Achham,1680,far-west,hill,2010/2011,Millet,3412,3241,950
69,Achham,1680,far-west,hill,2011/2012,Millet,3412,3310,970
69,Achham,1680,far-west,hill,2012/2013,Millet,3414,3310,970
69,Achham,1680,far-west,hill,2013/2014,Millet,3415,3427,1004
69,Achham,1680,far-west,hill,2014/2015,Millet,3420,3550,1038
70,Doti,2025,far-west,hill,2000/2001,Millet,2000,1800,900
70,Doti,2025,far-west,hill,2001/2002,Millet,1900,1710,900
70,Doti,2025,far-west,hill,2002/2003,Millet,1930,1891,980
70,Doti,2025,far-west,hill,2003/2004,Millet,1930,1891,980
70,Doti,2025,far-west,hill,2004/2005,Millet,2600,2860,1100
70,Doti,2025,far-west,hill,2005/2006,Millet,1900,2600,1368
70,Doti,2025,far-west,hill,2006/2007,Millet,3250,3088,950
70,Doti,2025,far-west,hill,2007/2008,Millet,4010,3609,900
70,Doti,2025,far-west,hill,2008/2009,Millet,4075,4080,1001
70,Doti,2025,far-west,hill,2009/2010,Millet,4953,5353,1081
70,Doti,2025,far-west,hill,2010/2011,Millet,4953,5353,1081
70,Doti,2025,far-west,hill,2011/2012,Millet,5825,5825,1000
70,Doti,2025,far-west,hill,2012/2013,Millet,5810,5810,1000
70,Doti,2025,far-west,hill,2013/2014,Millet,5121,6145,1200
70,Doti,2025,far-west,hill,2014/2015,Millet,5150,6500,1262
71,Kailali,3235,far-west,terai,2000/2001,Millet,200,200,1000
71,Kailali,3235,far-west,terai,2001/2002,Millet,2000,180,900
71,Kailali,3235,far-west,terai,2002/2003,Millet,200,180,900
71,Kailali,3235,far-west,terai,2003/2004,Millet,200,180,900
71,Kailali,3235,far-west,terai,2004/2005,Millet,200,180,900
71,Kailali,3235,far-west,terai,2005/2006,Millet,200,180,900
71,Kailali,3235,far-west,terai,2006/2007,Millet,222,200,901
71,Kailali,3235,far-west,terai,2007/2008,Millet,222,200,901
71,Kailali,3235,far-west,terai,2008/2009,Millet,200,180,900
71,Kailali,3235,far-west,terai,2009/2010,Millet,300,310,1033
71,Kailali,3235,far-west,terai,2010/2011,Millet,300,310,1033
71,Kailali,3235,far-west,terai,2011/2012,Millet,400,450,1125
71,Kailali,3235,far-west,terai,2012/2013,Millet,400,450,1125
71,Kailali,3235,far-west,terai,2013/2014,Millet,377,380,1008
71,Kailali,3235,far-west,terai,2014/2015,Millet,377,380,1008
72,Kanchanpur,1610,far-west,terai,2000/2001,Millet,312,300,962
72,Kanchanpur,1610,far-west,terai,2001/2002,Millet,300,300,1000
72,Kanchanpur,1610,far-west,terai,2002/2003,Millet,180,180,1000
72,Kanchanpur,1610,far-west,terai,2003/2004,Millet,180,180,1000
72,Kanchanpur,1610,far-west,terai,2004/2005,Millet,180,180,1000
72,Kanchanpur,1610,far-west,terai,2005/2006,Millet,300,300,1000
72,Kanchanpur,1610,far-west,terai,2006/2007,Millet,180,180,1000
72,Kanchanpur,1610,far-west,terai,2007/2008,Millet,180,180,1000
72,Kanchanpur,1610,far-west,terai,2008/2009,Millet,170,170,1000
72,Kanchanpur,1610,far-west,terai,2009/2010,Millet,170,180,1059
72,Kanchanpur,1610,far-west,terai,2010/2011,Millet,170,180,1059
72,Kanchanpur,1610,far-west,terai,2011/2012,Millet,,,
72,Kanchanpur,1610,far-west,terai,2012/2013,Millet,,,
72,Kanchanpur,1610,far-west,terai,2013/2014,Millet,,,
72,Kanchanpur,1610,far-west,terai,2014/2015,Millet,,,
73,Dadeldhura,1538,far-west,hill,2000/2001,Millet,500,500,1000
73,Dadeldhura,1538,far-west,hill,2001/2002,Millet,450,450,1000
73,Dadeldhura,1538,far-west,hill,2002/2003,Millet,425,425,1000
73,Dadeldhura,1538,far-west,hill,2003/2004,Millet,425,425,1000
73,Dadeldhura,1538,far-west,hill,2004/2005,Millet,415,363,875
73,Dadeldhura,1538,far-west,hill,2005/2006,Millet,450,450,1000
73,Dadeldhura,1538,far-west,hill,2006/2007,Millet,318,295,928
73,Dadeldhura,1538,far-west,hill,2007/2008,Millet,318,318,1000
73,Dadeldhura,1538,far-west,hill,2008/2009,Millet,318,320,1006
73,Dadeldhura,1538,far-west,hill,2009/2010,Millet,318,359,1129
73,Dadeldhura,1538,far-west,hill,2010/2011,Millet,302,390,1291
73,Dadeldhura,1538,far-west,hill,2011/2012,Millet,320,260,812
73,Dadeldhura,1538,far-west,hill,2012/2013,Millet,320,260,813
73,Dadeldhura,1538,far-west,hill,2013/2014,Millet,300,300,1000
73,Dadeldhura,1538,far-west,hill,2014/2015,Millet,305,310,1016
74,Baitadi,1519,far-west,hill,2000/2001,Millet,1050,1090,1038
74,Baitadi,1519,far-west,hill,2001/2002,Millet,850,770,906
74,Baitadi,1519,far-west,hill,2002/2003,Millet,850,850,1000
74,Baitadi,1519,far-west,hill,2003/2004,Millet,850,850,1000
74,Baitadi,1519,far-west,hill,2004/2005,Millet,850,850,1000
74,Baitadi,1519,far-west,hill,2005/2006,Millet,850,770,906
74,Baitadi,1519,far-west,hill,2006/2007,Millet,850,770,906
74,Baitadi,1519,far-west,hill,2007/2008,Millet,870,950,1092
74,Baitadi,1519,far-west,hill,2008/2009,Millet,870,950,1092
74,Baitadi,1519,far-west,hill,2009/2010,Millet,850,950,1118
74,Baitadi,1519,far-west,hill,2010/2011,Millet,850,950,1118
74,Baitadi,1519,far-west,hill,2011/2012,Millet,500,700,1400
74,Baitadi,1519,far-west,hill,2012/2013,Millet,700,910,1300
74,Baitadi,1519,far-west,hill,2013/2014,Millet,700,980,1400
74,Baitadi,1519,far-west,hill,2014/2015,Millet,710,1110,1563
75,Darchula,2322,far-west,mountain,2000/2001,Millet,1500,1200,800
75,Darchula,2322,far-west,mountain,2001/2002,Millet,1115,990,888
75,Darchula,2322,far-west,mountain,2002/2003,Millet,1115,990,888
75,Darchula,2322,far-west,mountain,2003/2004,Millet,1115,990,888
75,Darchula,2322,far-west,mountain,2004/2005,Millet,1450,1190,821
75,Darchula,2322,far-west,mountain,2005/2006,Millet,1115,990,888
75,Darchula,2322,far-west,mountain,2006/2007,Millet,1115,990,888
75,Darchula,2322,far-west,mountain,2007/2008,Millet,1115,990,888
75,Darchula,2322,far-west,mountain,2008/2009,Millet,1115,1000,897
75,Darchula,2322,far-west,mountain,2009/2010,Millet,1300,1170,900
75,Darchula,2322,far-west,mountain,2010/2011,Millet,1300,1300,1000
75,Darchula,2322,far-west,mountain,2011/2012,Millet,1310,1310,1000
75,Darchula,2322,far-west,mountain,2012/2013,Millet,1310,786,600
75,Darchula,2322,far-west,mountain,2013/2014,Millet,1310,893,682
75,Darchula,2322,far-west,mountain,2014/2015,Millet,1310,1155,882
