dcode,dname,area,dev_reg,eco_belt,yearcode,crop_name,apaddy,ppaddy,ypaddy
1,Taplejung,3646,easter d,mountain,2000/2001,paddy,4927,8078,1640
1,Taplejung,3646,easter d,mountain,2001/2002,paddy,8990,18250,2030
1,Taplejung,3646,easter d,mountain,2002/2003,paddy,8990,18250,2030
1,Taplejung,3646,easter d,mountain,2003/2004,paddy,8990,18250,2030
1,Taplejung,3646,easter d,mountain,2004/2005,paddy,9025,19738,2187
1,Taplejung,3646,easter d,mountain,2005/2006,paddy,9090,19089,2100
1,Taplejung,3646,easter d,mountain,2006/2007,paddy,8783,16048,1827
1,Taplejung,3646,easter d,mountain,2007/2008,paddy,8783,16048,1827
1,Taplejung,3646,easter d,mountain,2008/2009,paddy,8783,16048,1827
1,Taplejung,3646,easter d,mountain,2009/2010,paddy,8710,15600,1791
1,Taplejung,3646,easter d,mountain,2010/2011,paddy,9710,20100,2070
1,Taplejung,3646,easter d,mountain,2011/2012,paddy,10477,22167,2116
1,Taplejung,3646,easter d,mountain,2012/2013,paddy,4850,10913,2250
1,Taplejung,3646,easter d,mountain,2013/2014,paddy,6950,13861,1994
1,Taplejung,3646,easter d,mountain,2014/2015,paddy,4074,8637,2120
2,Panchthar,1241,easter d,hill,2000/2001,paddy,6730,12501,1858
2,Panchthar,1241,easter d,hill,2001/2002,paddy,10480,22010,2100
2,Panchthar,1241,easter d,hill,2002/2003,paddy,10480,22010,2100
2,Panchthar,1241,easter d,hill,2003/2004,paddy,10480,22010,2100
2,Panchthar,1241,easter d,hill,2004/2005,paddy,10388,20776,2000
2,Panchthar,1241,easter d,hill,2005/2006,paddy,10388,20776,2000
2,Panchthar,1241,easter d,hill,2006/2007,paddy,8854,15800,1785
2,Panchthar,1241,easter d,hill,2007/2008,paddy,8854,15800,1785
2,Panchthar,1241,easter d,hill,2008/2009,paddy,8854,15879,1793
2,Panchthar,1241,easter d,hill,2009/2010,paddy,8400,15000,1786
2,Panchthar,1241,easter d,hill,2010/2011,paddy,10400,21840,2100
2,Panchthar,1241,easter d,hill,2011/2012,paddy,11500,23000,2000
2,Panchthar,1241,easter d,hill,2012/2013,paddy,11300,22600,2000
2,Panchthar,1241,easter d,hill,2013/2014,paddy,10322,30127,2919
2,Panchthar,1241,easter d,hill,2014/2015,paddy,9200,20240,2200
3,Ilam,1703,easter d,hill,2000/2001,paddy,12405,20851,1681
3,Ilam,1703,easter d,hill,2001/2002,paddy,13605,28800,2117
3,Ilam,1703,easter d,hill,2002/2003,paddy,13605,28800,2117
3,Ilam,1703,easter d,hill,2003/2004,paddy,13605,28800,2117
3,Ilam,1703,easter d,hill,2004/2005,paddy,14471,31966,2209
3,Ilam,1703,easter d,hill,2005/2006,paddy,14625,35538,2430
3,Ilam,1703,easter d,hill,2006/2007,paddy,12091,29500,2440
3,Ilam,1703,easter d,hill,2007/2008,paddy,12304,28299,2300
3,Ilam,1703,easter d,hill,2008/2009,paddy,13200,36300,2750
3,Ilam,1703,easter d,hill,2009/2010,paddy,13084,35914,2745
3,Ilam,1703,easter d,hill,2010/2011,paddy,14825,45690,3082
3,Ilam,1703,easter d,hill,2011/2012,paddy,14825,45690,3082
3,Ilam,1703,easter d,hill,2012/2013,paddy,14815,45185,3050
3,Ilam,1703,easter d,hill,2013/2014,paddy,14185,44966,3170
3,Ilam,1703,easter d,hill,2014/2015,paddy,12593,31230,2480
4,Jhapa,1606,easter d,terai,2000/2001,paddy,84214,247680,2941
4,Jhapa,1606,easter d,terai,2001/2002,paddy,92150,290660,3154
4,Jhapa,1606,easter d,terai,2002/2003,paddy,92100,298600,3242
4,Jhapa,1606,easter d,terai,2003/2004,paddy,92100,298600,3242
4,Jhapa,1606,easter d,terai,2004/2005,paddy,96875,314844,3250
4,Jhapa,1606,easter d,terai,2005/2006,paddy,96800,311690,3220
4,Jhapa,1606,easter d,terai,2006/2007,paddy,81000,243290,3004
4,Jhapa,1606,easter d,terai,2007/2008,paddy,96161,312523,3250
4,Jhapa,1606,easter d,terai,2008/2009,paddy,96700,322640,3337
4,Jhapa,1606,easter d,terai,2009/2010,paddy,80000,264000,3300
4,Jhapa,1606,easter d,terai,2010/2011,paddy,82400,271920,3300
4,Jhapa,1606,easter d,terai,2011/2012,paddy,89400,321840,3600
4,Jhapa,1606,easter d,terai,2012/2013,paddy,86700,320790,3700
4,Jhapa,1606,easter d,terai,2013/2014,paddy,88500,365250,4127
4,Jhapa,1606,easter d,terai,2014/2015,paddy,83200,337792,4060
5,Morang,1855,easter d,terai,2000/2001,paddy,85000,263741,3103
5,Morang,1855,easter d,terai,2001/2002,paddy,94789,294435,3106
5,Morang,1855,easter d,terai,2002/2003,paddy,94790,311250,3284
5,Morang,1855,easter d,terai,2003/2004,paddy,94790,311250,3284
5,Morang,1855,easter d,terai,2004/2005,paddy,98000,321832,3284
5,Morang,1855,easter d,terai,2005/2006,paddy,98070,305740,3118
5,Morang,1855,easter d,terai,2006/2007,paddy,81360,242476,2980
5,Morang,1855,easter d,terai,2007/2008,paddy,88290,273699,3100
5,Morang,1855,easter d,terai,2008/2009,paddy,88200,279912,3174
5,Morang,1855,easter d,terai,2009/2010,paddy,77120,244500,3170
5,Morang,1855,easter d,terai,2010/2011,paddy,78200,258060,3300
5,Morang,1855,easter d,terai,2011/2012,paddy,78200,277610,3550
5,Morang,1855,easter d,terai,2012/2013,paddy,82840,259289,3130
5,Morang,1855,easter d,terai,2013/2014,paddy,83525,332100,3976
5,Morang,1855,easter d,terai,2014/2015,paddy,82550,288925,3500
6,Sunsari,1257,easter d,terai,2000/2001,paddy,47850,130625,2730
6,Sunsari,1257,easter d,terai,2001/2002,paddy,61715,195822,3173
6,Sunsari,1257,easter d,terai,2002/2003,paddy,61430,191815,3122
6,Sunsari,1257,easter d,terai,2003/2004,paddy,61430,191815,3122
6,Sunsari,1257,easter d,terai,2004/2005,paddy,61116,190807,3122
6,Sunsari,1257,easter d,terai,2005/2006,paddy,61140,189530,3100
6,Sunsari,1257,easter d,terai,2006/2007,paddy,54942,164826,3000
6,Sunsari,1257,easter d,terai,2007/2008,paddy,53600,166160,3100
6,Sunsari,1257,easter d,terai,2008/2009,paddy,51158,141360,2763
6,Sunsari,1257,easter d,terai,2009/2010,paddy,49991,133950,2679
6,Sunsari,1257,easter d,terai,2010/2011,paddy,53791,155994,2900
6,Sunsari,1257,easter d,terai,2011/2012,paddy,53550,166000,3100
6,Sunsari,1257,easter d,terai,2012/2013,paddy,52550,160650,3057
6,Sunsari,1257,easter d,terai,2013/2014,paddy,51550,180200,3496
6,Sunsari,1257,easter d,terai,2014/2015,paddy,44940,161784,3600
7,Dhankuta,891,easter d,hill,2000/2001,paddy,7659,14197,1854
7,Dhankuta,891,easter d,hill,2001/2002,paddy,9774,25556,2615
7,Dhankuta,891,easter d,hill,2002/2003,paddy,9429,26645,2826
7,Dhankuta,891,easter d,hill,2003/2004,paddy,9429,26645,2826
7,Dhankuta,891,easter d,hill,2004/2005,paddy,9435,26663,2826
7,Dhankuta,891,easter d,hill,2005/2006,paddy,9435,26663,2826
7,Dhankuta,891,easter d,hill,2006/2007,paddy,8145,20750,2548
7,Dhankuta,891,easter d,hill,2007/2008,paddy,8695,23042,2650
7,Dhankuta,891,easter d,hill,2008/2009,paddy,8695,23770,2734
7,Dhankuta,891,easter d,hill,2009/2010,paddy,8650,23530,2720
7,Dhankuta,891,easter d,hill,2010/2011,paddy,9412,21957,2333
7,Dhankuta,891,easter d,hill,2011/2012,paddy,8877,19600,2208
7,Dhankuta,891,easter d,hill,2012/2013,paddy,8495,18859,2220
7,Dhankuta,891,easter d,hill,2013/2014,paddy,10660,24244,2274
7,Dhankuta,891,easter d,hill,2014/2015,paddy,7820,22434,2869
8,Terhathum,679,easter d,hill,2000/2001,paddy,8721,14243,1633
8,Terhathum,679,easter d,hill,2001/2002,paddy,11194,22579,2017
8,Terhathum,679,easter d,hill,2002/2003,paddy,11194,22579,2017
8,Terhathum,679,easter d,hill,2003/2004,paddy,11194,22579,2017
8,Terhathum,679,easter d,hill,2004/2005,paddy,10977,22349,2036
8,Terhathum,679,easter d,hill,2005/2006,paddy,10977,22349,2036
8,Terhathum,679,easter d,hill,2006/2007,paddy,9817,18500,1884
8,Terhathum,679,easter d,hill,2007/2008,paddy,10186,20372,2000
8,Terhathum,679,easter d,hill,2008/2009,paddy,10186,20372,2000
8,Terhathum,679,easter d,hill,2009/2010,paddy,10237,18656,1822
8,Terhathum,679,easter d,hill,2010/2011,paddy,9592,21102,2200
8,Terhathum,679,easter d,hill,2011/2012,paddy,10662,24523,2300
8,Terhathum,679,easter d,hill,2012/2013,paddy,10341,23784,2300
8,Terhathum,679,easter d,hill,2013/2014,paddy,10180,27576,2709
8,Terhathum,679,easter d,hill,2014/2015,paddy,7606,17494,2300
9,Sankhuwasabha,3480,easter d,mountain,2000/2001,paddy,10180,18270,1795
9,Sankhuwasabha,3480,easter d,mountain,2001/2002,paddy,11780,24267,2060
9,Sankhuwasabha,3480,easter d,mountain,2002/2003,paddy,11780,24267,2060
9,Sankhuwasabha,3480,easter d,mountain,2003/2004,paddy,11780,24267,2060
9,Sankhuwasabha,3480,easter d,mountain,2004/2005,paddy,15496,34091,2200
9,Sankhuwasabha,3480,easter d,mountain,2005/2006,paddy,15496,28674,1850
9,Sankhuwasabha,3480,easter d,mountain,2006/2007,paddy,15037,25030,1665
9,Sankhuwasabha,3480,easter d,mountain,2007/2008,paddy,15932,28677,1800
9,Sankhuwasabha,3480,easter d,mountain,2008/2009,paddy,15932,28677,1800
9,Sankhuwasabha,3480,easter d,mountain,2009/2010,paddy,13171,21732,1650
9,Sankhuwasabha,3480,easter d,mountain,2010/2011,paddy,15417,29816,1934
9,Sankhuwasabha,3480,easter d,mountain,2011/2012,paddy,15812,36600,2315
9,Sankhuwasabha,3480,easter d,mountain,2012/2013,paddy,15801,23701,1500
9,Sankhuwasabha,3480,easter d,mountain,2013/2014,paddy,13775,35458,2574
9,Sankhuwasabha,3480,easter d,mountain,2014/2015,paddy,13650,32660,2393
10,Bhojpur,1507,easter d,hill,2000/2001,paddy,15129,32470,2146
10,Bhojpur,1507,easter d,hill,2001/2002,paddy,18918,45750,2418
10,Bhojpur,1507,easter d,hill,2002/2003,paddy,18118,45750,2418
10,Bhojpur,1507,easter d,hill,2003/2004,paddy,18918,45750,2418
10,Bhojpur,1507,easter d,hill,2004/2005,paddy,12300,29741,2418
10,Bhojpur,1507,easter d,hill,2005/2006,paddy,12300,29741,2418
10,Bhojpur,1507,easter d,hill,2006/2007,paddy,12030,29064,2416
10,Bhojpur,1507,easter d,hill,2007/2008,paddy,15361,36866,2400
10,Bhojpur,1507,easter d,hill,2008/2009,paddy,15361,36866,2400
10,Bhojpur,1507,easter d,hill,2009/2010,paddy,15300,35600,2327
10,Bhojpur,1507,easter d,hill,2010/2011,paddy,16103,37633,2337
10,Bhojpur,1507,easter d,hill,2011/2012,paddy,16110,42341,2628
10,Bhojpur,1507,easter d,hill,2012/2013,paddy,16150,44299,2743
10,Bhojpur,1507,easter d,hill,2013/2014,paddy,17150,48340,2819
10,Bhojpur,1507,easter d,hill,2014/2015,paddy,16093,35893,2230
11,Solukhumbu,3312,easter d,mountain,2000/2001,paddy,1495,2642,1767
11,Solukhumbu,3312,easter d,mountain,2001/2002,paddy,1500,3100,2067
11,Solukhumbu,3312,easter d,mountain,2002/2003,paddy,1500,3100,2067
11,Solukhumbu,3312,easter d,mountain,2003/2004,paddy,1500,3100,2067
11,Solukhumbu,3312,easter d,mountain,2004/2005,paddy,1500,3100,2067
11,Solukhumbu,3312,easter d,mountain,2005/2006,paddy,1500,3000,2000
11,Solukhumbu,3312,easter d,mountain,2006/2007,paddy,1440,2526,1754
11,Solukhumbu,3312,easter d,mountain,2007/2008,paddy,1620,2916,1800
11,Solukhumbu,3312,easter d,mountain,2008/2009,paddy,1620,2916,1800
11,Solukhumbu,3312,easter d,mountain,2009/2010,paddy,1628,2999,1842
11,Solukhumbu,3312,easter d,mountain,2010/2011,paddy,1530,3060,2000
11,Solukhumbu,3312,easter d,mountain,2011/2012,paddy,1620,3564,2200
11,Solukhumbu,3312,easter d,mountain,2012/2013,paddy,1530,3366,2200
11,Solukhumbu,3312,easter d,mountain,2013/2014,paddy,1620,3564,2200
11,Solukhumbu,3312,easter d,mountain,2014/2015,paddy,1525,3564,2337
12,Okhaldhunga,1074,easter d,hill,2000/2001,paddy,6015,12915,2147
12,Okhaldhunga,1074,easter d,hill,2001/2002,paddy,6750,16880,2501
12,Okhaldhunga,1074,easter d,hill,2002/2003,paddy,6750,16880,2501
12,Okhaldhunga,1074,easter d,hill,2003/2004,paddy,6750,16880,2501
12,Okhaldhunga,1074,easter d,hill,2004/2005,paddy,6750,16882,2501
12,Okhaldhunga,1074,easter d,hill,2005/2006,paddy,6580,18424,2800
12,Okhaldhunga,1074,easter d,hill,2006/2007,paddy,5660,14150,2500
12,Okhaldhunga,1074,easter d,hill,2007/2008,paddy,5860,14943,2550
12,Okhaldhunga,1074,easter d,hill,2008/2009,paddy,5860,14943,2550
12,Okhaldhunga,1074,easter d,hill,2009/2010,paddy,5130,10850,2115
12,Okhaldhunga,1074,easter d,hill,2010/2011,paddy,5030,9850,1958
12,Okhaldhunga,1074,easter d,hill,2011/2012,paddy,6573,14000,2130
12,Okhaldhunga,1074,easter d,hill,2012/2013,paddy,6244,14361,2300
12,Okhaldhunga,1074,easter d,hill,2013/2014,paddy,4350,11310,2600
12,Okhaldhunga,1074,easter d,hill,2014/2015,paddy,4355,10310,2367
13,Khotang,1591,easter d,hill,2000/2001,paddy,12051,24090,1999
13,Khotang,1591,easter d,hill,2001/2002,paddy,12050,27880,2314
13,Khotang,1591,easter d,hill,2002/2003,paddy,12050,27880,2314
13,Khotang,1591,easter d,hill,2003/2004,paddy,12050,27880,2314
13,Khotang,1591,easter d,hill,2004/2005,paddy,12059,29275,2428
13,Khotang,1591,easter d,hill,2005/2006,paddy,12099,26618,2200
13,Khotang,1591,easter d,hill,2006/2007,paddy,10899,23978,2200
13,Khotang,1591,easter d,hill,2007/2008,paddy,14899,33586,2254
13,Khotang,1591,easter d,hill,2008/2009,paddy,14899,33586,2254
13,Khotang,1591,easter d,hill,2009/2010,paddy,12279,22642,1844
13,Khotang,1591,easter d,hill,2010/2011,paddy,14129,27459,1943
13,Khotang,1591,easter d,hill,2011/2012,paddy,15202,31924,2100
13,Khotang,1591,easter d,hill,2012/2013,paddy,15200,30248,1990
13,Khotang,1591,easter d,hill,2013/2014,paddy,15202,42600,2802
13,Khotang,1591,easter d,hill,2014/2015,paddy,12161,26755,2200
14,Udayapur,2063,easter d,hill,2000/2001,paddy,10629,22298,2098
14,Udayapur,2063,easter d,hill,2001/2002,paddy,12800,37171,2904
14,Udayapur,2063,easter d,hill,2002/2003,paddy,12800,37171,2904
14,Udayapur,2063,easter d,hill,2003/2004,paddy,12800,37171,2904
14,Udayapur,2063,easter d,hill,2004/2005,paddy,13300,38623,2904
14,Udayapur,2063,easter d,hill,2005/2006,paddy,13650,36278,2658
14,Udayapur,2063,easter d,hill,2006/2007,paddy,11386,25049,2200
14,Udayapur,2063,easter d,hill,2007/2008,paddy,13300,38703,2910
14,Udayapur,2063,easter d,hill,2008/2009,paddy,14150,42262,2987
14,Udayapur,2063,easter d,hill,2009/2010,paddy,14050,39340,2800
14,Udayapur,2063,easter d,hill,2010/2011,paddy,15500,42625,2750
14,Udayapur,2063,easter d,hill,2011/2012,paddy,16857,50700,3008
14,Udayapur,2063,easter d,hill,2012/2013,paddy,11625,43594,3750
14,Udayapur,2063,easter d,hill,2013/2014,paddy,15250,52850,3466
14,Udayapur,2063,easter d,hill,2014/2015,paddy,12100,47945,3962
15,Saptari,1363,easter d,terai,2000/2001,paddy,69190,165650,2394
15,Saptari,1363,easter d,terai,2001/2002,paddy,70190,168855,2406
15,Saptari,1363,easter d,terai,2002/2003,paddy,70000,196589,2808
15,Saptari,1363,easter d,terai,2003/2004,paddy,70000,196589,2808
15,Saptari,1363,easter d,terai,2004/2005,paddy,67000,201000,3000
15,Saptari,1363,easter d,terai,2005/2006,paddy,68000,157500,2316
15,Saptari,1363,easter d,terai,2006/2007,paddy,52000,95680,1840
15,Saptari,1363,easter d,terai,2007/2008,paddy,68000,153000,2250
15,Saptari,1363,easter d,terai,2008/2009,paddy,68400,173500,2537
15,Saptari,1363,easter d,terai,2009/2010,paddy,59903,150724,2516
15,Saptari,1363,easter d,terai,2010/2011,paddy,37691,116842,3100
15,Saptari,1363,easter d,terai,2011/2012,paddy,60000,177000,2950
15,Saptari,1363,easter d,terai,2012/2013,paddy,30219,60388,1998
15,Saptari,1363,easter d,terai,2013/2014,paddy,35000,90500,2586
15,Saptari,1363,easter d,terai,2014/2015,paddy,35000,95000,2714
16,Siraha,1188,easter d,terai,2000/2001,paddy,69235,159861,2309
16,Siraha,1188,easter d,terai,2001/2002,paddy,71800,193788,2699
16,Siraha,1188,easter d,terai,2002/2003,paddy,71300,203788,2858
16,Siraha,1188,easter d,terai,2003/2004,paddy,71300,203788,2858
16,Siraha,1188,easter d,terai,2004/2005,paddy,69337,201077,2900
16,Siraha,1188,easter d,terai,2005/2006,paddy,67972,189435,2787
16,Siraha,1188,easter d,terai,2006/2007,paddy,57400,117670,2050
16,Siraha,1188,easter d,terai,2007/2008,paddy,70750,156358,2210
16,Siraha,1188,easter d,terai,2008/2009,paddy,70750,164176,2321
16,Siraha,1188,easter d,terai,2009/2010,paddy,63000,107100,1700
16,Siraha,1188,easter d,terai,2010/2011,paddy,45570,95697,2100
16,Siraha,1188,easter d,terai,2011/2012,paddy,61000,175150,2871
16,Siraha,1188,easter d,terai,2012/2013,paddy,31175,53814,1726
16,Siraha,1188,easter d,terai,2013/2014,paddy,38788,98303,2534
16,Siraha,1188,easter d,terai,2014/2015,paddy,36000,95300,2647
17,Dhanusa,1180,central,terai,2000/2001,paddy,60000,129960,2778
17,Dhanusa,1180,central,terai,2001/2002,paddy,63500,177800,2166
17,Dhanusa,1180,central,terai,2002/2003,paddy,63500,177800,2800
17,Dhanusa,1180,central,terai,2003/2004,paddy,58000,141926,2800
17,Dhanusa,1180,central,terai,2004/2005,paddy,61260,150825,2447
17,Dhanusa,1180,central,terai,2005/2006,paddy,52700,110143,2462
17,Dhanusa,1180,central,terai,2006/2007,paddy,54790,161630,2090
17,Dhanusa,1180,central,terai,2007/2008,paddy,55000,176000,2950
17,Dhanusa,1180,central,terai,2008/2009,paddy,54462,164124,3200
17,Dhanusa,1180,central,terai,2009/2010,paddy,61972,173521,3014
17,Dhanusa,1180,central,terai,2010/2011,paddy,65000,185250,2800
17,Dhanusa,1180,central,terai,2011/2012,paddy,65000,185250,2850
17,Dhanusa,1180,central,terai,2012/2013,paddy,45790,125054,2731
17,Dhanusa,1180,central,terai,2013/2014,paddy,40635,116647,2871
17,Dhanusa,1180,central,terai,2014/2015,paddy,44200,141440,3200
18,Mahottari,1002,central,terai,2000/2001,paddy,48330,121063,2505
18,Mahottari,1002,central,terai,2001/2002,paddy,48284,96594,2001
18,Mahottari,1002,central,terai,2002/2003,paddy,48284,121190,2510
18,Mahottari,1002,central,terai,2003/2004,paddy,48284,121190,2510
18,Mahottari,1002,central,terai,2004/2005,paddy,40673,104165,2561
18,Mahottari,1002,central,terai,2005/2006,paddy,44050,98165,2228
18,Mahottari,1002,central,terai,2006/2007,paddy,33499,66998,2000
18,Mahottari,1002,central,terai,2007/2008,paddy,46000,115000,2500
18,Mahottari,1002,central,terai,2008/2009,paddy,40250,95500,2373
18,Mahottari,1002,central,terai,2009/2010,paddy,36195,67791,1873
18,Mahottari,1002,central,terai,2010/2011,paddy,34776,78440,2256
18,Mahottari,1002,central,terai,2011/2012,paddy,34776,97372,2800
18,Mahottari,1002,central,terai,2012/2013,paddy,28160,83584,2968
18,Mahottari,1002,central,terai,2013/2014,paddy,36144,65060,1800
18,Mahottari,1002,central,terai,2014/2015,paddy,29400,90500,3078
19,Sarlahi,1259,central,terai,2000/2001,paddy,44215,123925,2803
19,Sarlahi,1259,central,terai,2001/2002,paddy,42831,106649,2490
19,Sarlahi,1259,central,terai,2002/2003,paddy,42831,114747,2679
19,Sarlahi,1259,central,terai,2003/2004,paddy,42831,114747,2679
19,Sarlahi,1259,central,terai,2004/2005,paddy,37821,97196,2570
19,Sarlahi,1259,central,terai,2005/2006,paddy,40974,95417,2329
19,Sarlahi,1259,central,terai,2006/2007,paddy,37156,84716,2280
19,Sarlahi,1259,central,terai,2007/2008,paddy,38750,90000,2323
19,Sarlahi,1259,central,terai,2008/2009,paddy,38750,96480,2490
19,Sarlahi,1259,central,terai,2009/2010,paddy,38405,95355,2483
19,Sarlahi,1259,central,terai,2010/2011,paddy,39350,111360,2830
19,Sarlahi,1259,central,terai,2011/2012,paddy,39352,143635,3650
19,Sarlahi,1259,central,terai,2012/2013,paddy,38400,92905,2419
19,Sarlahi,1259,central,terai,2013/2014,paddy,45500,112985,2483
19,Sarlahi,1259,central,terai,2014/2015,paddy,45500,127400,2800
20,Sindhuli,2491,central,hill,2000/2001,paddy,5964,14225,2385
20,Sindhuli,2491,central,hill,2001/2002,paddy,6400,16000,2500
20,Sindhuli,2491,central,hill,2002/2003,paddy,6400,16000,2500
20,Sindhuli,2491,central,hill,2003/2004,paddy,6400,16000,2500
20,Sindhuli,2491,central,hill,2004/2005,paddy,6540,16252,2485
20,Sindhuli,2491,central,hill,2005/2006,paddy,6565,14443,2200
20,Sindhuli,2491,central,hill,2006/2007,paddy,6065,11143,1837
20,Sindhuli,2491,central,hill,2007/2008,paddy,6065,11143,1837
20,Sindhuli,2491,central,hill,2008/2009,paddy,6065,11143,1837
20,Sindhuli,2491,central,hill,2009/2010,paddy,6265,13100,2091
20,Sindhuli,2491,central,hill,2010/2011,paddy,8265,19010,2300
20,Sindhuli,2491,central,hill,2011/2012,paddy,10265,32848,3200
20,Sindhuli,2491,central,hill,2012/2013,paddy,11265,34910,3099
20,Sindhuli,2491,central,hill,2013/2014,paddy,14200,46860,3300
20,Sindhuli,2491,central,hill,2014/2015,paddy,13000,41600,3200
21,Ramechhap,1546,central,hill,2000/2001,paddy,6830,14543,2129
21,Ramechhap,1546,central,hill,2001/2002,paddy,7872,17010,2161
21,Ramechhap,1546,central,hill,2002/2003,paddy,7872,17010,2161
21,Ramechhap,1546,central,hill,2003/2004,paddy,7872,17010,2161
21,Ramechhap,1546,central,hill,2004/2005,paddy,8673,18742,2161
21,Ramechhap,1546,central,hill,2005/2006,paddy,8643,14000,1620
21,Ramechhap,1546,central,hill,2006/2007,paddy,8743,15757,1802
21,Ramechhap,1546,central,hill,2007/2008,paddy,8743,15757,1802
21,Ramechhap,1546,central,hill,2008/2009,paddy,8743,15757,1802
21,Ramechhap,1546,central,hill,2009/2010,paddy,8743,15757,1802
21,Ramechhap,1546,central,hill,2010/2011,paddy,9460,25049,2648
21,Ramechhap,1546,central,hill,2011/2012,paddy,9408,30199,3210
21,Ramechhap,1546,central,hill,2012/2013,paddy,9408,26530,2820
21,Ramechhap,1546,central,hill,2013/2014,paddy,9508,25862,2720
21,Ramechhap,1546,central,hill,2014/2015,paddy,9408,26164,2781
22,Dolakha,2191,central,mountain,2000/2001,paddy,3100,7750,2500
22,Dolakha,2191,central,mountain,2001/2002,paddy,3110,7464,2400
22,Dolakha,2191,central,mountain,2002/2003,paddy,3110,7464,2400
22,Dolakha,2191,central,mountain,2003/2004,paddy,3110,7464,2400
22,Dolakha,2191,central,mountain,2004/2005,paddy,3113,7938,2550
22,Dolakha,2191,central,mountain,2005/2006,paddy,3115,7235,2323
22,Dolakha,2191,central,mountain,2006/2007,paddy,3125,6318,2022
22,Dolakha,2191,central,mountain,2007/2008,paddy,3125,6318,2022
22,Dolakha,2191,central,mountain,2008/2009,paddy,3125,6318,2022
22,Dolakha,2191,central,mountain,2009/2010,paddy,3133,6250,1995
22,Dolakha,2191,central,mountain,2010/2011,paddy,3133,6304,2012
22,Dolakha,2191,central,mountain,2011/2012,paddy,3135,9248,2950
22,Dolakha,2191,central,mountain,2012/2013,paddy,3150,5625,1786
22,Dolakha,2191,central,mountain,2013/2014,paddy,3175,5874,1850
22,Dolakha,2191,central,mountain,2014/2015,paddy,3180,6996,2200
23,Sindhupalchok,2542,central,mountain,2000/2001,paddy,10530,26450,2512
23,Sindhupalchok,2542,central,mountain,2001/2002,paddy,10662,24580,2305
23,Sindhupalchok,2542,central,mountain,2002/2003,paddy,10627,25690,2417
23,Sindhupalchok,2542,central,mountain,2003/2004,paddy,10627,25690,2417
23,Sindhupalchok,2542,central,mountain,2004/2005,paddy,13627,32936,2417
23,Sindhupalchok,2542,central,mountain,2005/2006,paddy,13320,32287,2424
23,Sindhupalchok,2542,central,mountain,2006/2007,paddy,13155,32888,2500
23,Sindhupalchok,2542,central,mountain,2007/2008,paddy,13155,32888,2500
23,Sindhupalchok,2542,central,mountain,2008/2009,paddy,13920,36439,2618
23,Sindhupalchok,2542,central,mountain,2009/2010,paddy,13020,28800,2212
23,Sindhupalchok,2542,central,mountain,2010/2011,paddy,12924,27002,2089
23,Sindhupalchok,2542,central,mountain,2011/2012,paddy,12300,28290,2300
23,Sindhupalchok,2542,central,mountain,2012/2013,paddy,12220,26486,2167
23,Sindhupalchok,2542,central,mountain,2013/2014,paddy,12235,28446,2325
23,Sindhupalchok,2542,central,mountain,2014/2015,paddy,12200,28217,2313
24,Kavrepalanchok,1396,central,hill,2000/2001,paddy,15150,46750,3086
24,Kavrepalanchok,1396,central,hill,2001/2002,paddy,15200,46800,3079
24,Kavrepalanchok,1396,central,hill,2002/2003,paddy,15000,46900,3127
24,Kavrepalanchok,1396,central,hill,2003/2004,paddy,15000,46900,3127
24,Kavrepalanchok,1396,central,hill,2004/2005,paddy,11875,38340,3229
24,Kavrepalanchok,1396,central,hill,2005/2006,paddy,11105,35470,3194
24,Kavrepalanchok,1396,central,hill,2006/2007,paddy,10550,33500,3175
24,Kavrepalanchok,1396,central,hill,2007/2008,paddy,10550,35845,3398
24,Kavrepalanchok,1396,central,hill,2008/2009,paddy,11275,31899,2829
24,Kavrepalanchok,1396,central,hill,2009/2010,paddy,11275,31899,2829
24,Kavrepalanchok,1396,central,hill,2010/2011,paddy,11350,32915,2900
24,Kavrepalanchok,1396,central,hill,2011/2012,paddy,10100,31512,3120
24,Kavrepalanchok,1396,central,hill,2012/2013,paddy,10310,36350,3526
24,Kavrepalanchok,1396,central,hill,2013/2014,paddy,10100,30418,3012
24,Kavrepalanchok,1396,central,hill,2014/2015,paddy,11310,37009,3272
25,Lalitpur,385,central,hill,2000/2001,paddy,4200,19664,4682
25,Lalitpur,385,central,hill,2001/2002,paddy,5044,27540,5460
25,Lalitpur,385,central,hill,2002/2003,paddy,4949,25423,5137
25,Lalitpur,385,central,hill,2003/2004,paddy,4949,25423,5137
25,Lalitpur,385,central,hill,2004/2005,paddy,4655,26068,5600
25,Lalitpur,385,central,hill,2005/2006,paddy,4600,23000,5000
25,Lalitpur,385,central,hill,2006/2007,paddy,4640,22504,4850
25,Lalitpur,385,central,hill,2007/2008,paddy,4650,22645,4870
25,Lalitpur,385,central,hill,2008/2009,paddy,4650,22645,4870
25,Lalitpur,385,central,hill,2009/2010,paddy,4680,21060,4500
25,Lalitpur,385,central,hill,2010/2011,paddy,4650,21390,4600
25,Lalitpur,385,central,hill,2011/2012,paddy,4600,26676,5799
25,Lalitpur,385,central,hill,2012/2013,paddy,4680,25272,5400
25,Lalitpur,385,central,hill,2013/2014,paddy,4680,26442,5650
25,Lalitpur,385,central,hill,2014/2015,paddy,4680,24804,5300
26,Bhaktapur,119,central,hill,2000/2001,paddy,4700,25850,5500
26,Bhaktapur,119,central,hill,2001/2002,paddy,4577,27010,5901
26,Bhaktapur,119,central,hill,2002/2003,paddy,4577,27010,5901
26,Bhaktapur,119,central,hill,2003/2004,paddy,4577,27010,5901
26,Bhaktapur,119,central,hill,2004/2005,paddy,4503,27018,6000
26,Bhaktapur,119,central,hill,2005/2006,paddy,4480,24610,5493
26,Bhaktapur,119,central,hill,2006/2007,paddy,4480,28000,6250
26,Bhaktapur,119,central,hill,2007/2008,paddy,4400,28248,6420
26,Bhaktapur,119,central,hill,2008/2009,paddy,4400,28248,6420
26,Bhaktapur,119,central,hill,2009/2010,paddy,4326,19493,4506
26,Bhaktapur,119,central,hill,2010/2011,paddy,4300,23220,5400
26,Bhaktapur,119,central,hill,2011/2012,paddy,4252,25241,5936
26,Bhaktapur,119,central,hill,2012/2013,paddy,4348,25653,5900
26,Bhaktapur,119,central,hill,2013/2014,paddy,4352,26958,6194
26,Bhaktapur,119,central,hill,2014/2015,paddy,4348,26523,6100
27,Kathmandu,395,central,hill,2000/2001,paddy,9000,45015,5002
27,Kathmandu,395,central,hill,2001/2002,paddy,8100,46170,5700
27,Kathmandu,395,central,hill,2002/2003,paddy,8100,46170,5700
27,Kathmandu,395,central,hill,2003/2004,paddy,8100,46170,5700
27,Kathmandu,395,central,hill,2004/2005,paddy,8100,46170,5700
27,Kathmandu,395,central,hill,2005/2006,paddy,8000,41250,5156
27,Kathmandu,395,central,hill,2006/2007,paddy,8000,40800,5100
27,Kathmandu,395,central,hill,2007/2008,paddy,8000,42800,5350
27,Kathmandu,395,central,hill,2008/2009,paddy,8050,43250,5373
27,Kathmandu,395,central,hill,2009/2010,paddy,8050,35700,4435
27,Kathmandu,395,central,hill,2010/2011,paddy,8025,41730,5200
27,Kathmandu,395,central,hill,2011/2012,paddy,8000,46080,5760
27,Kathmandu,395,central,hill,2012/2013,paddy,7950,48500,6101
27,Kathmandu,395,central,hill,2013/2014,paddy,7940,45245,5698
27,Kathmandu,395,central,hill,2014/2015,paddy,7930,45245,5706
28,Nuwakot,1121,central,hill,2000/2001,paddy,18945,48310,2550
28,Nuwakot,1121,central,hill,2001/2002,paddy,18233,54990,3016
28,Nuwakot,1121,central,hill,2002/2003,paddy,18265,54990,3011
28,Nuwakot,1121,central,hill,2003/2004,paddy,18265,54990,3011
28,Nuwakot,1121,central,hill,2004/2005,paddy,18110,54529,3011
28,Nuwakot,1121,central,hill,2005/2006,paddy,18136,54408,3000
28,Nuwakot,1121,central,hill,2006/2007,paddy,18136,55000,3033
28,Nuwakot,1121,central,hill,2007/2008,paddy,18935,57750,3050
28,Nuwakot,1121,central,hill,2008/2009,paddy,18965,59700,3148
28,Nuwakot,1121,central,hill,2009/2010,paddy,18965,57700,3042
28,Nuwakot,1121,central,hill,2010/2011,paddy,16625,54843,3299
28,Nuwakot,1121,central,hill,2011/2012,paddy,14625,56453,3860
28,Nuwakot,1121,central,hill,2012/2013,paddy,14650,57500,3925
28,Nuwakot,1121,central,hill,2013/2014,paddy,14695,63167,4299
28,Nuwakot,1121,central,hill,2014/2015,paddy,15692,73762,4701
29,Rasuwa,1544,central,mountain,2000/2001,paddy,1234,2234,1810
29,Rasuwa,1544,central,mountain,2001/2002,paddy,1230,2460,2000
29,Rasuwa,1544,central,mountain,2002/2003,paddy,1230,2460,2000
29,Rasuwa,1544,central,mountain,2003/2004,paddy,1230,2460,2000
29,Rasuwa,1544,central,mountain,2004/2005,paddy,1317,2634,2000
29,Rasuwa,1544,central,mountain,2005/2006,paddy,1325,3000,2264
29,Rasuwa,1544,central,mountain,2006/2007,paddy,1325,3000,2264
29,Rasuwa,1544,central,mountain,2007/2008,paddy,1325,3300,2491
29,Rasuwa,1544,central,mountain,2008/2009,paddy,1325,3300,2491
29,Rasuwa,1544,central,mountain,2009/2010,paddy,1239,2838,2291
29,Rasuwa,1544,central,mountain,2010/2011,paddy,1322,2908,2200
29,Rasuwa,1544,central,mountain,2011/2012,paddy,1304,3599,2760
29,Rasuwa,1544,central,mountain,2012/2013,paddy,1304,2982,2287
29,Rasuwa,1544,central,mountain,2013/2014,paddy,1305,3240,2483
29,Rasuwa,1544,central,mountain,2014/2015,paddy,1300,3510,2700
30,Dhading,1926,central,hill,2000/2001,paddy,14657,37665,2570
30,Dhading,1926,central,hill,2001/2002,paddy,14949,45560,3048
30,Dhading,1926,central,hill,2002/2003,paddy,14949,45560,3048
30,Dhading,1926,central,hill,2003/2004,paddy,14949,45560,3048
30,Dhading,1926,central,hill,2004/2005,paddy,15438,47055,3048
30,Dhading,1926,central,hill,2005/2006,paddy,15750,46590,2958
30,Dhading,1926,central,hill,2006/2007,paddy,15800,37713,2387
30,Dhading,1926,central,hill,2007/2008,paddy,16100,42000,2609
30,Dhading,1926,central,hill,2008/2009,paddy,16720,42500,2542
30,Dhading,1926,central,hill,2009/2010,paddy,14010,34605,2470
30,Dhading,1926,central,hill,2010/2011,paddy,16670,40882,2452
30,Dhading,1926,central,hill,2011/2012,paddy,14750,38187,2589
30,Dhading,1926,central,hill,2012/2013,paddy,12262,33349,2720
30,Dhading,1926,central,hill,2013/2014,paddy,12645,48100,3804
30,Dhading,1926,central,hill,2014/2015,paddy,12545,50369,4015
31,Makwanpur,2426,central,hill,2000/2001,paddy,12480,33864,2713
31,Makwanpur,2426,central,hill,2001/2002,paddy,10135,29480,2909
31,Makwanpur,2426,central,hill,2002/2003,paddy,10135,29480,2909
31,Makwanpur,2426,central,hill,2003/2004,paddy,10135,29480,2909
31,Makwanpur,2426,central,hill,2004/2005,paddy,10645,30977,2910
31,Makwanpur,2426,central,hill,2005/2006,paddy,11245,32723,2910
31,Makwanpur,2426,central,hill,2006/2007,paddy,11493,34249,2980
31,Makwanpur,2426,central,hill,2007/2008,paddy,12660,37347,2950
31,Makwanpur,2426,central,hill,2008/2009,paddy,12700,37500,2953
31,Makwanpur,2426,central,hill,2009/2010,paddy,13180,44936,3409
31,Makwanpur,2426,central,hill,2010/2011,paddy,11100,36630,3300
31,Makwanpur,2426,central,hill,2011/2012,paddy,11110,37552,3380
31,Makwanpur,2426,central,hill,2012/2013,paddy,11110,36663,3300
31,Makwanpur,2426,central,hill,2013/2014,paddy,11125,38381,3450
31,Makwanpur,2426,central,hill,2014/2015,paddy,11130,38995,3504
32,Rautahat,1126,central,terai,2000/2001,paddy,50400,140374,2785
32,Rautahat,1126,central,terai,2001/2002,paddy,49570,131850,2660
32,Rautahat,1126,central,terai,2002/2003,paddy,49570,138800,2800
32,Rautahat,1126,central,terai,2003/2004,paddy,49570,138800,2800
32,Rautahat,1126,central,terai,2004/2005,paddy,50591,128186,2534
32,Rautahat,1126,central,terai,2005/2006,paddy,48500,112805,2326
32,Rautahat,1126,central,terai,2006/2007,paddy,48400,107932,2230
32,Rautahat,1126,central,terai,2007/2008,paddy,46800,113856,2433
32,Rautahat,1126,central,terai,2008/2009,paddy,46800,124480,2660
32,Rautahat,1126,central,terai,2009/2010,paddy,45396,112200,2472
32,Rautahat,1126,central,terai,2010/2011,paddy,42396,112392,2651
32,Rautahat,1126,central,terai,2011/2012,paddy,40650,136178,3350
32,Rautahat,1126,central,terai,2012/2013,paddy,30125,67575,2243
32,Rautahat,1126,central,terai,2013/2014,paddy,30500,95607,3135
32,Rautahat,1126,central,terai,2014/2015,paddy,30355,112994,3722
33,Bara,1190,central,terai,2000/2001,paddy,55875,190199,3404
33,Bara,1190,central,terai,2001/2002,paddy,54600,205240,3759
33,Bara,1190,central,terai,2002/2003,paddy,54590,206500,3783
33,Bara,1190,central,terai,2003/2004,paddy,54590,206500,3783
33,Bara,1190,central,terai,2004/2005,paddy,53087,200940,3785
33,Bara,1190,central,terai,2005/2006,paddy,54500,200230,3674
33,Bara,1190,central,terai,2006/2007,paddy,51728,186221,3600
33,Bara,1190,central,terai,2007/2008,paddy,54878,205710,3748
33,Bara,1190,central,terai,2008/2009,paddy,55335,213565,3859
33,Bara,1190,central,terai,2009/2010,paddy,52615,183946,3496
33,Bara,1190,central,terai,2010/2011,paddy,52725,168720,3200
33,Bara,1190,central,terai,2011/2012,paddy,52700,221340,4200
33,Bara,1190,central,terai,2012/2013,paddy,53400,231880,4342
33,Bara,1190,central,terai,2013/2014,paddy,54680,259781,4751
33,Bara,1190,central,terai,2014/2015,paddy,60446,156896,2596
34,Parsa,1353,central,terai,2000/2001,paddy,46780,158912,3397
34,Parsa,1353,central,terai,2001/2002,paddy,44735,165650,3703
34,Parsa,1353,central,terai,2002/2003,paddy,44735,165650,3703
34,Parsa,1353,central,terai,2003/2004,paddy,44735,165650,3703
34,Parsa,1353,central,terai,2004/2005,paddy,43373,160612,3703
34,Parsa,1353,central,terai,2005/2006,paddy,44200,160500,3631
34,Parsa,1353,central,terai,2006/2007,paddy,43200,153360,3550
34,Parsa,1353,central,terai,2007/2008,paddy,46000,169510,3685
34,Parsa,1353,central,terai,2008/2009,paddy,46200,177980,3852
34,Parsa,1353,central,terai,2009/2010,paddy,44814,150900,3367
34,Parsa,1353,central,terai,2010/2011,paddy,46690,159208,3410
34,Parsa,1353,central,terai,2011/2012,paddy,44360,192966,4350
34,Parsa,1353,central,terai,2012/2013,paddy,44360,164360,3705
34,Parsa,1353,central,terai,2013/2014,paddy,43710,158814,3633
34,Parsa,1353,central,terai,2014/2015,paddy,45600,182400,4000
35,Chitawan,2218,central,terai,2000/2001,paddy,33800,112025,3314
35,Chitawan,2218,central,terai,2001/2002,paddy,31876,98815,3100
35,Chitawan,2218,central,terai,2002/2003,paddy,32600,91280,2800
35,Chitawan,2218,central,terai,2003/2004,paddy,32600,91280,2800
35,Chitawan,2218,central,terai,2004/2005,paddy,33465,93702,2800
35,Chitawan,2218,central,terai,2005/2006,paddy,32972,78280,2374
35,Chitawan,2218,central,terai,2006/2007,paddy,28717,80408,2800
35,Chitawan,2218,central,terai,2007/2008,paddy,32755,105700,3227
35,Chitawan,2218,central,terai,2008/2009,paddy,32755,107815,3292
35,Chitawan,2218,central,terai,2009/2010,paddy,29605,85406,2885
35,Chitawan,2218,central,terai,2010/2011,paddy,32770,110944,3386
35,Chitawan,2218,central,terai,2011/2012,paddy,29655,103496,3490
35,Chitawan,2218,central,terai,2012/2013,paddy,28625,94800,3312
35,Chitawan,2218,central,terai,2013/2014,paddy,29575,100555,3400
35,Chitawan,2218,central,terai,2014/2015,paddy,29400,103500,3520
36,Gorkha,3610,western,hill,2000/2001,paddy,16911,43783,2589
36,Gorkha,3610,western,hill,2001/2002,paddy,17000,43495,2559
36,Gorkha,3610,western,hill,2002/2003,paddy,17000,42033,2473
36,Gorkha,3610,western,hill,2003/2004,paddy,17000,42033,2473
36,Gorkha,3610,western,hill,2004/2005,paddy,17165,42449,2473
36,Gorkha,3610,western,hill,2005/2006,paddy,17555,42000,2392
36,Gorkha,3610,western,hill,2006/2007,paddy,17735,44116,2488
36,Gorkha,3610,western,hill,2007/2008,paddy,17900,48100,2687
36,Gorkha,3610,western,hill,2008/2009,paddy,17900,48500,2709
36,Gorkha,3610,western,hill,2009/2010,paddy,17785,43996,2474
36,Gorkha,3610,western,hill,2010/2011,paddy,17785,49276,2771
36,Gorkha,3610,western,hill,2011/2012,paddy,12085,36859,3050
36,Gorkha,3610,western,hill,2012/2013,paddy,12661,37555,2966
36,Gorkha,3610,western,hill,2013/2014,paddy,12765,41250,3231
36,Gorkha,3610,western,hill,2014/2015,paddy,12192,38587,3165
37,Lamjung,1692,western,hill,2000/2001,paddy,12791,27494,2149
37,Lamjung,1692,western,hill,2001/2002,paddy,12100,27800,2298
37,Lamjung,1692,western,hill,2002/2003,paddy,12100,27800,2298
37,Lamjung,1692,western,hill,2003/2004,paddy,12100,27800,2298
37,Lamjung,1692,western,hill,2004/2005,paddy,16025,46473,2900
37,Lamjung,1692,western,hill,2005/2006,paddy,15530,46120,2970
37,Lamjung,1692,western,hill,2006/2007,paddy,15553,32213,2071
37,Lamjung,1692,western,hill,2007/2008,paddy,16030,33342,2080
37,Lamjung,1692,western,hill,2008/2009,paddy,16030,36541,2280
37,Lamjung,1692,western,hill,2009/2010,paddy,15553,25770,1657
37,Lamjung,1692,western,hill,2010/2011,paddy,16135,33884,2100
37,Lamjung,1692,western,hill,2011/2012,paddy,15553,40437,2600
37,Lamjung,1692,western,hill,2012/2013,paddy,16153,42115,2607
37,Lamjung,1692,western,hill,2013/2014,paddy,16453,47115,2864
37,Lamjung,1692,western,hill,2014/2015,paddy,14930,37327,2500
38,Tanahu,1546,western,hill,2000/2001,paddy,16840,51918,3083
38,Tanahu,1546,western,hill,2001/2002,paddy,16850,45420,2696
38,Tanahu,1546,western,hill,2002/2003,paddy,16850,45420,2696
38,Tanahu,1546,western,hill,2003/2004,paddy,16850,45420,2696
38,Tanahu,1546,western,hill,2004/2005,paddy,16713,51496,3081
38,Tanahu,1546,western,hill,2005/2006,paddy,16800,46704,2780
38,Tanahu,1546,western,hill,2006/2007,paddy,16850,47450,2816
38,Tanahu,1546,western,hill,2007/2008,paddy,18950,52670,2779
38,Tanahu,1546,western,hill,2008/2009,paddy,19050,55524,2915
38,Tanahu,1546,western,hill,2009/2010,paddy,18850,45552,2417
38,Tanahu,1546,western,hill,2010/2011,paddy,20850,58380,2800
38,Tanahu,1546,western,hill,2011/2012,paddy,13150,43105,3278
38,Tanahu,1546,western,hill,2012/2013,paddy,14865,48168,3240
38,Tanahu,1546,western,hill,2013/2014,paddy,16415,58604,3570
38,Tanahu,1546,western,hill,2014/2015,paddy,12540,45144,3600
39,Syangja,1164,western,hill,2000/2001,paddy,14570,43171,2963
39,Syangja,1164,western,hill,2001/2002,paddy,15170,41500,2736
39,Syangja,1164,western,hill,2002/2003,paddy,15170,41520,2737
39,Syangja,1164,western,hill,2003/2004,paddy,15170,41520,2737
39,Syangja,1164,western,hill,2004/2005,paddy,16228,47061,2900
39,Syangja,1164,western,hill,2005/2006,paddy,16228,47061,2900
39,Syangja,1164,western,hill,2006/2007,paddy,16258,42661,2624
39,Syangja,1164,western,hill,2007/2008,paddy,17500,47990,2742
39,Syangja,1164,western,hill,2008/2009,paddy,17550,51589,2940
39,Syangja,1164,western,hill,2009/2010,paddy,17550,51589,2940
39,Syangja,1164,western,hill,2010/2011,paddy,19455,58240,2994
39,Syangja,1164,western,hill,2011/2012,paddy,17000,58130,3419
39,Syangja,1164,western,hill,2012/2013,paddy,17030,60829,3572
39,Syangja,1164,western,hill,2013/2014,paddy,18030,63662,3531
39,Syangja,1164,western,hill,2014/2015,paddy,16800,60137,3580
40,Kaski,2017,western,hill,2000/2001,paddy,18533,51855,2798
40,Kaski,2017,western,hill,2001/2002,paddy,18590,51680,2780
40,Kaski,2017,western,hill,2002/2003,paddy,18600,51894,2790
40,Kaski,2017,western,hill,2003/2004,paddy,18600,51894,2790
40,Kaski,2017,western,hill,2004/2005,paddy,18609,51890,2788
40,Kaski,2017,western,hill,2005/2006,paddy,18630,54400,2920
40,Kaski,2017,western,hill,2006/2007,paddy,19307,45371,2350
40,Kaski,2017,western,hill,2007/2008,paddy,19310,50815,2632
40,Kaski,2017,western,hill,2008/2009,paddy,20100,61990,3084
40,Kaski,2017,western,hill,2009/2010,paddy,21000,60850,2898
40,Kaski,2017,western,hill,2010/2011,paddy,23000,66700,2900
40,Kaski,2017,western,hill,2011/2012,paddy,22500,76850,3416
40,Kaski,2017,western,hill,2012/2013,paddy,21500,78256,3640
40,Kaski,2017,western,hill,2013/2014,paddy,22050,80560,3654
40,Kaski,2017,western,hill,2014/2015,paddy,22025,83364,3785
41,Manang,2246,western,mountain,2000/2001,paddy,,,
41,Manang,2246,western,mountain,2001/2002,paddy,,,
41,Manang,2246,western,mountain,2002/2003,paddy,,,
41,Manang,2246,western,mountain,2003/2004,paddy,,,
41,Manang,2246,western,mountain,2004/2005,paddy,,,
41,Manang,2246,western,mountain,2005/2006,paddy,,,
41,Manang,2246,western,mountain,2006/2007,paddy,,,
41,Manang,2246,western,mountain,2007/2008,paddy,,,
41,Manang,2246,western,mountain,2008/2009,paddy,,,
41,Manang,2246,western,mountain,2009/2010,paddy,,,
41,Manang,2246,western,mountain,2010/2011,paddy,,,
41,Manang,2246,western,mountain,2011/2012,paddy,,,
41,Manang,2246,western,mountain,2012/2013,paddy,,,
41,Manang,2246,western,mountain,2013/2014,paddy,,,
41,Manang,2246,western,mountain,2014/2015,paddy,,,
42,Mustang,3573,western,mountain,2000/2001,paddy,,,
42,Mustang,3573,western,mountain,2001/2002,paddy,,,
42,Mustang,3573,western,mountain,2002/2003,paddy,,,
42,Mustang,3573,western,mountain,2003/2004,paddy,,,
42,Mustang,3573,western,mountain,2004/2005,paddy,,,
42,Mustang,3573,western,mountain,2005/2006,paddy,,,
42,Mustang,3573,western,mountain,2006/2007,paddy,,,
42,Mustang,3573,western,mountain,2007/2008,paddy,,,
42,Mustang,3573,western,mountain,2008/2009,paddy,,,
42,Mustang,3573,western,mountain,2009/2010,paddy,,,
42,Mustang,3573,western,mountain,2010/2011,paddy,,,
42,Mustang,3573,western,mountain,2011/2012,paddy,,,
42,Mustang,3573,western,mountain,2012/2013,paddy,,,
42,Mustang,3573,western,mountain,2013/2014,paddy,,,
42,Mustang,3573,western,mountain,2014/2015,paddy,,,
43,Myagdi,2297,western,hill,2000/2001,paddy,3348,8972,2680
43,Myagdi,2297,western,hill,2001/2002,paddy,3348,9039,2700
43,Myagdi,2297,western,hill,2002/2003,paddy,3348,9039,2700
43,Myagdi,2297,western,hill,2003/2004,paddy,3348,9039,2700
43,Myagdi,2297,western,hill,2004/2005,paddy,3178,7633,2402
43,Myagdi,2297,western,hill,2005/2006,paddy,3178,7633,2402
43,Myagdi,2297,western,hill,2006/2007,paddy,3145,7030,2235
43,Myagdi,2297,western,hill,2007/2008,paddy,3895,9348,2400
43,Myagdi,2297,western,hill,2008/2009,paddy,3895,10680,2742
43,Myagdi,2297,western,hill,2009/2010,paddy,3895,9612,2468
43,Myagdi,2297,western,hill,2010/2011,paddy,3895,10256,2633
43,Myagdi,2297,western,hill,2011/2012,paddy,3895,11486,2949
43,Myagdi,2297,western,hill,2012/2013,paddy,3895,12060,3096
43,Myagdi,2297,western,hill,2013/2014,paddy,3895,12464,3200
43,Myagdi,2297,western,hill,2014/2015,paddy,3895,12464,3200
44,Parbat,494,western,hill,2000/2001,paddy,8856,19529,2205
44,Parbat,494,western,hill,2001/2002,paddy,9000,20000,2222
44,Parbat,494,western,hill,2002/2003,paddy,9000,21600,2400
44,Parbat,494,western,hill,2003/2004,paddy,9000,21600,2400
44,Parbat,494,western,hill,2004/2005,paddy,8895,20275,2279
44,Parbat,494,western,hill,2005/2006,paddy,9051,16962,1874
44,Parbat,494,western,hill,2006/2007,paddy,9021,19405,2151
44,Parbat,494,western,hill,2007/2008,paddy,9021,19405,2151
44,Parbat,494,western,hill,2008/2009,paddy,9021,22150,2455
44,Parbat,494,western,hill,2009/2010,paddy,9021,22150,2455
44,Parbat,494,western,hill,2010/2011,paddy,9595,23082,2406
44,Parbat,494,western,hill,2011/2012,paddy,8830,23023,2607
44,Parbat,494,western,hill,2012/2013,paddy,8830,26281,2976
44,Parbat,494,western,hill,2013/2014,paddy,9595,26501,2762
44,Parbat,494,western,hill,2014/2015,paddy,8835,24738,2800
45,Baglung,1784,western,hill,2000/2001,paddy,5558,14954,2691
45,Baglung,1784,western,hill,2001/2002,paddy,5560,14430,2595
45,Baglung,1784,western,hill,2002/2003,paddy,5520,14962,2711
45,Baglung,1784,western,hill,2003/2004,paddy,5520,14962,2711
45,Baglung,1784,western,hill,2004/2005,paddy,5580,12847,2302
45,Baglung,1784,western,hill,2005/2006,paddy,5717,14411,2521
45,Baglung,1784,western,hill,2006/2007,paddy,5337,11971,2243
45,Baglung,1784,western,hill,2007/2008,paddy,5735,12156,2120
45,Baglung,1784,western,hill,2008/2009,paddy,5735,14900,2598
45,Baglung,1784,western,hill,2009/2010,paddy,5700,13500,2368
45,Baglung,1784,western,hill,2010/2011,paddy,5792,17121,2956
45,Baglung,1784,western,hill,2011/2012,paddy,5934,17147,2890
45,Baglung,1784,western,hill,2012/2013,paddy,5934,18316,3087
45,Baglung,1784,western,hill,2013/2014,paddy,5927,18897,3188
45,Baglung,1784,western,hill,2014/2015,paddy,5782,17715,3064
46,Gulmi,1149,western,hill,2000/2001,paddy,10580,26523,2507
46,Gulmi,1149,western,hill,2001/2002,paddy,10215,22480,2201
46,Gulmi,1149,western,hill,2002/2003,paddy,10215,22480,2201
46,Gulmi,1149,western,hill,2003/2004,paddy,10215,22480,2201
46,Gulmi,1149,western,hill,2004/2005,paddy,9987,22690,2272
46,Gulmi,1149,western,hill,2005/2006,paddy,10680,28423,2661
46,Gulmi,1149,western,hill,2006/2007,paddy,9517,23688,2489
46,Gulmi,1149,western,hill,2007/2008,paddy,9517,23688,2489
46,Gulmi,1149,western,hill,2008/2009,paddy,9958,24753,2486
46,Gulmi,1149,western,hill,2009/2010,paddy,9958,24753,2486
46,Gulmi,1149,western,hill,2010/2011,paddy,10426,24501,2350
46,Gulmi,1149,western,hill,2011/2012,paddy,9964,22924,2301
46,Gulmi,1149,western,hill,2012/2013,paddy,10408,22312,2144
46,Gulmi,1149,western,hill,2013/2014,paddy,10484,25339,2417
46,Gulmi,1149,western,hill,2014/2015,paddy,10042,27950,2783
47,Palpa,1373,western,hill,2000/2001,paddy,9406,25612,2723
47,Palpa,1373,western,hill,2001/2002,paddy,9399,20475,2178
47,Palpa,1373,western,hill,2002/2003,paddy,9399,20475,2178
47,Palpa,1373,western,hill,2003/2004,paddy,9399,20475,2178
47,Palpa,1373,western,hill,2004/2005,paddy,9470,23202,2450
47,Palpa,1373,western,hill,2005/2006,paddy,9470,23202,2450
47,Palpa,1373,western,hill,2006/2007,paddy,8251,18302,2218
47,Palpa,1373,western,hill,2007/2008,paddy,8795,23695,2694
47,Palpa,1373,western,hill,2008/2009,paddy,8795,23900,2717
47,Palpa,1373,western,hill,2009/2010,paddy,8575,21009,2450
47,Palpa,1373,western,hill,2010/2011,paddy,9561,25210,2637
47,Palpa,1373,western,hill,2011/2012,paddy,8750,29280,3346
47,Palpa,1373,western,hill,2012/2013,paddy,9566,32292,3376
47,Palpa,1373,western,hill,2013/2014,paddy,9430,35267,3740
47,Palpa,1373,western,hill,2014/2015,paddy,8620,33100,3840
48,Nawalparasi,2162,western,terai,2000/2001,paddy,46947,140736,2998
48,Nawalparasi,2162,western,terai,2001/2002,paddy,46977,141505,3012
48,Nawalparasi,2162,western,terai,2002/2003,paddy,46507,141505,3043
48,Nawalparasi,2162,western,terai,2003/2004,paddy,46507,141505,3043
48,Nawalparasi,2162,western,terai,2004/2005,paddy,45507,137260,3016
48,Nawalparasi,2162,western,terai,2005/2006,paddy,45500,131574,2892
48,Nawalparasi,2162,western,terai,2006/2007,paddy,45490,116383,2558
48,Nawalparasi,2162,western,terai,2007/2008,paddy,46490,149233,3210
48,Nawalparasi,2162,western,terai,2008/2009,paddy,46490,165425,3558
48,Nawalparasi,2162,western,terai,2009/2010,paddy,44590,138749,3112
48,Nawalparasi,2162,western,terai,2010/2011,paddy,46690,180373,3863
48,Nawalparasi,2162,western,terai,2011/2012,paddy,44890,191337,4262
48,Nawalparasi,2162,western,terai,2012/2013,paddy,45690,179110,3920
48,Nawalparasi,2162,western,terai,2013/2014,paddy,48350,196775,4070
48,Nawalparasi,2162,western,terai,2014/2015,paddy,44800,180300,4025
49,Rupandehi,1360,western,terai,2000/2001,paddy,71800,198800,2769
49,Rupandehi,1360,western,terai,2001/2002,paddy,71230,208430,2926
49,Rupandehi,1360,western,terai,2002/2003,paddy,71230,213100,2992
49,Rupandehi,1360,western,terai,2003/2004,paddy,71230,213100,2992
49,Rupandehi,1360,western,terai,2004/2005,paddy,71232,177368,2490
49,Rupandehi,1360,western,terai,2005/2006,paddy,67670,168258,2486
49,Rupandehi,1360,western,terai,2006/2007,paddy,69000,172500,2500
49,Rupandehi,1360,western,terai,2007/2008,paddy,72500,217500,3000
49,Rupandehi,1360,western,terai,2008/2009,paddy,72500,253750,3500
49,Rupandehi,1360,western,terai,2009/2010,paddy,72500,241875,3336
49,Rupandehi,1360,western,terai,2010/2011,paddy,71500,278850,3900
49,Rupandehi,1360,western,terai,2011/2012,paddy,70500,301000,4270
49,Rupandehi,1360,western,terai,2012/2013,paddy,70000,319695,4567
49,Rupandehi,1360,western,terai,2013/2014,paddy,70500,329500,4674
49,Rupandehi,1360,western,terai,2014/2015,paddy,69600,313200,4500
50,Kapilbastu,1738,western,terai,2000/2001,paddy,70950,177375,2500
50,Kapilbastu,1738,western,terai,2001/2002,paddy,67000,100500,1500
50,Kapilbastu,1738,western,terai,2002/2003,paddy,70500,173200,2457
50,Kapilbastu,1738,western,terai,2003/2004,paddy,70500,173200,2457
50,Kapilbastu,1738,western,terai,2004/2005,paddy,68500,127710,1864
50,Kapilbastu,1738,western,terai,2005/2006,paddy,68500,149330,2180
50,Kapilbastu,1738,western,terai,2006/2007,paddy,68880,141572,2055
50,Kapilbastu,1738,western,terai,2007/2008,paddy,68870,154490,2243
50,Kapilbastu,1738,western,terai,2008/2009,paddy,69960,190350,2721
50,Kapilbastu,1738,western,terai,2009/2010,paddy,69950,160290,2291
50,Kapilbastu,1738,western,terai,2010/2011,paddy,72000,225000,3125
50,Kapilbastu,1738,western,terai,2011/2012,paddy,71500,207350,2900
50,Kapilbastu,1738,western,terai,2012/2013,paddy,71000,205118,2889
50,Kapilbastu,1738,western,terai,2013/2014,paddy,72000,235436,3270
50,Kapilbastu,1738,western,terai,2014/2015,paddy,69840,209520,3000
51,Arghakhanchi,1193,western,hill,2000/2001,paddy,7710,17010,2206
51,Arghakhanchi,1193,western,hill,2001/2002,paddy,7700,13900,1805
51,Arghakhanchi,1193,western,hill,2002/2003,paddy,1700,13900,1805
51,Arghakhanchi,1193,western,hill,2003/2004,paddy,7700,13900,1805
51,Arghakhanchi,1193,western,hill,2004/2005,paddy,7700,13900,1805
51,Arghakhanchi,1193,western,hill,2005/2006,paddy,7700,13900,1805
51,Arghakhanchi,1193,western,hill,2006/2007,paddy,7419,14500,1954
51,Arghakhanchi,1193,western,hill,2007/2008,paddy,7419,14500,1954
51,Arghakhanchi,1193,western,hill,2008/2009,paddy,8735,19545,2238
51,Arghakhanchi,1193,western,hill,2009/2010,paddy,8720,19220,2204
51,Arghakhanchi,1193,western,hill,2010/2011,paddy,8768,22797,2600
51,Arghakhanchi,1193,western,hill,2011/2012,paddy,8189,26204,3200
51,Arghakhanchi,1193,western,hill,2012/2013,paddy,8672,25437,2933
51,Arghakhanchi,1193,western,hill,2013/2014,paddy,8672,26306,3033
51,Arghakhanchi,1193,western,hill,2014/2015,paddy,8189,25386,3100
52,Pyuthan,1309,mid-west,hill,2000/2001,paddy,6540,10625,1625
52,Pyuthan,1309,mid-west,hill,2001/2002,paddy,6540,12310,1882
52,Pyuthan,1309,mid-west,hill,2002/2003,paddy,6540,13290,2032
52,Pyuthan,1309,mid-west,hill,2003/2004,paddy,6540,13290,2032
52,Pyuthan,1309,mid-west,hill,2004/2005,paddy,6520,13252,2033
52,Pyuthan,1309,mid-west,hill,2005/2006,paddy,6520,13252,2033
52,Pyuthan,1309,mid-west,hill,2006/2007,paddy,6540,15042,2300
52,Pyuthan,1309,mid-west,hill,2007/2008,paddy,6540,15280,2336
52,Pyuthan,1309,mid-west,hill,2008/2009,paddy,6540,15280,2336
52,Pyuthan,1309,mid-west,hill,2009/2010,paddy,6540,11772,1800
52,Pyuthan,1309,mid-west,hill,2010/2011,paddy,6540,17004,2600
52,Pyuthan,1309,mid-west,hill,2011/2012,paddy,6525,18270,2800
52,Pyuthan,1309,mid-west,hill,2012/2013,paddy,6410,18950,2956
52,Pyuthan,1309,mid-west,hill,2013/2014,paddy,6520,19737,3027
52,Pyuthan,1309,mid-west,hill,2014/2015,paddy,6525,21902,3357
53,Rolpa,1879,mid-west,hill,2000/2001,paddy,4239,7500,1769
53,Rolpa,1879,mid-west,hill,2001/2002,paddy,4700,9160,1949
53,Rolpa,1879,mid-west,hill,2002/2003,paddy,4700,9160,1949
53,Rolpa,1879,mid-west,hill,2003/2004,paddy,4700,9160,1949
53,Rolpa,1879,mid-west,hill,2004/2005,paddy,4700,9160,1949
53,Rolpa,1879,mid-west,hill,2005/2006,paddy,4715,8500,1803
53,Rolpa,1879,mid-west,hill,2006/2007,paddy,4682,9364,2000
53,Rolpa,1879,mid-west,hill,2007/2008,paddy,4715,9666,2050
53,Rolpa,1879,mid-west,hill,2008/2009,paddy,4715,9666,2050
53,Rolpa,1879,mid-west,hill,2009/2010,paddy,4715,13674,2900
53,Rolpa,1879,mid-west,hill,2010/2011,paddy,4715,12966,2750
53,Rolpa,1879,mid-west,hill,2011/2012,paddy,4715,12997,2757
53,Rolpa,1879,mid-west,hill,2012/2013,paddy,4715,11787,2500
53,Rolpa,1879,mid-west,hill,2013/2014,paddy,4715,11787,2500
53,Rolpa,1879,mid-west,hill,2014/2015,paddy,4715,12259,2600
54,Rukum,2877,mid-west,hill,2000/2001,paddy,3460,8026,2320
54,Rukum,2877,mid-west,hill,2001/2002,paddy,3570,8600,2409
54,Rukum,2877,mid-west,hill,2002/2003,paddy,1370,8600,2409
54,Rukum,2877,mid-west,hill,2003/2004,paddy,3570,8600,2409
54,Rukum,2877,mid-west,hill,2004/2005,paddy,3570,8600,2409
54,Rukum,2877,mid-west,hill,2005/2006,paddy,3570,8600,2409
54,Rukum,2877,mid-west,hill,2006/2007,paddy,3544,8084,2281
54,Rukum,2877,mid-west,hill,2007/2008,paddy,3544,8084,2281
54,Rukum,2877,mid-west,hill,2008/2009,paddy,3750,10100,2693
54,Rukum,2877,mid-west,hill,2009/2010,paddy,3750,11175,2980
54,Rukum,2877,mid-west,hill,2010/2011,paddy,3750,11288,3010
54,Rukum,2877,mid-west,hill,2011/2012,paddy,3562,9617,2700
54,Rukum,2877,mid-west,hill,2012/2013,paddy,3562,10330,2900
54,Rukum,2877,mid-west,hill,2013/2014,paddy,3562,9974,2800
54,Rukum,2877,mid-west,hill,2014/2015,paddy,3562,9795,2750
55,Salyan,1462,mid-west,hill,2000/2001,paddy,6060,12368,52041
55,Salyan,1462,mid-west,hill,2001/2002,paddy,6750,13460,1994
55,Salyan,1462,mid-west,hill,2002/2003,paddy,6750,13460,1994
55,Salyan,1462,mid-west,hill,2003/2004,paddy,6750,13460,1994
55,Salyan,1462,mid-west,hill,2004/2005,paddy,6959,18024,2590
55,Salyan,1462,mid-west,hill,2005/2006,paddy,6959,18572,2669
55,Salyan,1462,mid-west,hill,2006/2007,paddy,6745,16608,2462
55,Salyan,1462,mid-west,hill,2007/2008,paddy,6745,16608,2462
55,Salyan,1462,mid-west,hill,2008/2009,paddy,6961,16300,2342
55,Salyan,1462,mid-west,hill,2009/2010,paddy,6961,20187,2900
55,Salyan,1462,mid-west,hill,2010/2011,paddy,6961,21753,3125
55,Salyan,1462,mid-west,hill,2011/2012,paddy,6961,22275,3200
55,Salyan,1462,mid-west,hill,2012/2013,paddy,6950,23294,3352
55,Salyan,1462,mid-west,hill,2013/2014,paddy,6934,24497,3533
55,Salyan,1462,mid-west,hill,2014/2015,paddy,7024,24942,3551
56,Dang,2955,mid-west,terai,2000/2001,paddy,38900,125120,3216
56,Dang,2955,mid-west,terai,2001/2002,paddy,38280,111430,2911
56,Dang,2955,mid-west,terai,2002/2003,paddy,35650,109120,3061
56,Dang,2955,mid-west,terai,2003/2004,paddy,35650,109120,3061
56,Dang,2955,mid-west,terai,2004/2005,paddy,31660,87223,2755
56,Dang,2955,mid-west,terai,2005/2006,paddy,34100,101890,2988
56,Dang,2955,mid-west,terai,2006/2007,paddy,33869,95849,2830
56,Dang,2955,mid-west,terai,2007/2008,paddy,36578,115977,3171
56,Dang,2955,mid-west,terai,2008/2009,paddy,37458,124327,3319
56,Dang,2955,mid-west,terai,2009/2010,paddy,35050,112552,3211
56,Dang,2955,mid-west,terai,2010/2011,paddy,38500,115962,3012
56,Dang,2955,mid-west,terai,2011/2012,paddy,38300,157030,4100
56,Dang,2955,mid-west,terai,2012/2013,paddy,37500,157384,4197
56,Dang,2955,mid-west,terai,2013/2014,paddy,38230,156292,4088
56,Dang,2955,mid-west,terai,2014/2015,paddy,36508,156984,4300
57,Banke,2337,mid-west,terai,2000/2001,paddy,32000,93760,2930
57,Banke,2337,mid-west,terai,2001/2002,paddy,28359,45854,1617
57,Banke,2337,mid-west,terai,2002/2003,paddy,33160,90546,2731
57,Banke,2337,mid-west,terai,2003/2004,paddy,33160,90546,2731
57,Banke,2337,mid-west,terai,2004/2005,paddy,29425,39212,1333
57,Banke,2337,mid-west,terai,2005/2006,paddy,31500,84720,2690
57,Banke,2337,mid-west,terai,2006/2007,paddy,29032,63870,2200
57,Banke,2337,mid-west,terai,2007/2008,paddy,33500,95100,2839
57,Banke,2337,mid-west,terai,2008/2009,paddy,36500,110550,3029
57,Banke,2337,mid-west,terai,2009/2010,paddy,34500,102225,2963
57,Banke,2337,mid-west,terai,2010/2011,paddy,36500,119720,3280
57,Banke,2337,mid-west,terai,2011/2012,paddy,36462,123971,3400
57,Banke,2337,mid-west,terai,2012/2013,paddy,33675,109226,3244
57,Banke,2337,mid-west,terai,2013/2014,paddy,36500,128700,3526
57,Banke,2337,mid-west,terai,2014/2015,paddy,32500,102375,3150
58,Bardiya,2025,mid-west,terai,2000/2001,paddy,36996,115670,3127
58,Bardiya,2025,mid-west,terai,2001/2002,paddy,35000,105420,3012
58,Bardiya,2025,mid-west,terai,2002/2003,paddy,36630,114280,3120
58,Bardiya,2025,mid-west,terai,2003/2004,paddy,36630,114280,3120
58,Bardiya,2025,mid-west,terai,2004/2005,paddy,36630,114280,3120
58,Bardiya,2025,mid-west,terai,2005/2006,paddy,36600,118680,3243
58,Bardiya,2025,mid-west,terai,2006/2007,paddy,36640,106256,2900
58,Bardiya,2025,mid-west,terai,2007/2008,paddy,38000,120850,3180
58,Bardiya,2025,mid-west,terai,2008/2009,paddy,38500,123200,3200
58,Bardiya,2025,mid-west,terai,2009/2010,paddy,39500,126800,3210
58,Bardiya,2025,mid-west,terai,2010/2011,paddy,42550,148925,3500
58,Bardiya,2025,mid-west,terai,2011/2012,paddy,45500,188825,4150
58,Bardiya,2025,mid-west,terai,2012/2013,paddy,45000,159575,3546
58,Bardiya,2025,mid-west,terai,2013/2014,paddy,52000,199575,3838
58,Bardiya,2025,mid-west,terai,2014/2015,paddy,48500,205000,4227
59,Surkhet,2451,mid-west,hill,2000/2001,paddy,12440,32252,2593
59,Surkhet,2451,mid-west,hill,2001/2002,paddy,12327,20673,1677
59,Surkhet,2451,mid-west,hill,2002/2003,paddy,12440,25400,2042
59,Surkhet,2451,mid-west,hill,2003/2004,paddy,12440,25400,2042
59,Surkhet,2451,mid-west,hill,2004/2005,paddy,12440,34210,2750
59,Surkhet,2451,mid-west,hill,2005/2006,paddy,12440,34645,2785
59,Surkhet,2451,mid-west,hill,2006/2007,paddy,12400,38440,3100
59,Surkhet,2451,mid-west,hill,2007/2008,paddy,12400,38440,3100
59,Surkhet,2451,mid-west,hill,2008/2009,paddy,12800,42800,3344
59,Surkhet,2451,mid-west,hill,2009/2010,paddy,13800,44160,3200
59,Surkhet,2451,mid-west,hill,2010/2011,paddy,13870,47435,3420
59,Surkhet,2451,mid-west,hill,2011/2012,paddy,14600,54298,3719
59,Surkhet,2451,mid-west,hill,2012/2013,paddy,14000,48869,3491
59,Surkhet,2451,mid-west,hill,2013/2014,paddy,14600,59322,4063
59,Surkhet,2451,mid-west,hill,2014/2015,paddy,13252,50371,3801
60,Dailekh,1502,mid-west,hill,2000/2001,paddy,8547,16785,1964
60,Dailekh,1502,mid-west,hill,2001/2002,paddy,8600,16620,1933
60,Dailekh,1502,mid-west,hill,2002/2003,paddy,8600,17300,2012
60,Dailekh,1502,mid-west,hill,2003/2004,paddy,8600,17300,2012
60,Dailekh,1502,mid-west,hill,2004/2005,paddy,8600,20640,2400
60,Dailekh,1502,mid-west,hill,2005/2006,paddy,8600,20640,2400
60,Dailekh,1502,mid-west,hill,2006/2007,paddy,8600,22360,2600
60,Dailekh,1502,mid-west,hill,2007/2008,paddy,8200,20500,2500
60,Dailekh,1502,mid-west,hill,2008/2009,paddy,8200,20500,2500
60,Dailekh,1502,mid-west,hill,2009/2010,paddy,8507,24755,2910
60,Dailekh,1502,mid-west,hill,2010/2011,paddy,8507,26627,3130
60,Dailekh,1502,mid-west,hill,2011/2012,paddy,8507,28073,3300
60,Dailekh,1502,mid-west,hill,2012/2013,paddy,8507,25953,3051
60,Dailekh,1502,mid-west,hill,2013/2014,paddy,8307,25464,3065
60,Dailekh,1502,mid-west,hill,2014/2015,paddy,8307,26161,3149
61,Jajarkot,2230,mid-west,hill,2000/2001,paddy,3502,6886,1966
61,Jajarkot,2230,mid-west,hill,2001/2002,paddy,3500,7900,2257
61,Jajarkot,2230,mid-west,hill,2002/2003,paddy,3500,7900,2257
61,Jajarkot,2230,mid-west,hill,2003/2004,paddy,3500,7900,2257
61,Jajarkot,2230,mid-west,hill,2004/2005,paddy,3500,7900,2257
61,Jajarkot,2230,mid-west,hill,2005/2006,paddy,3500,7900,2257
61,Jajarkot,2230,mid-west,hill,2006/2007,paddy,3500,7000,2000
61,Jajarkot,2230,mid-west,hill,2007/2008,paddy,3500,7000,2000
61,Jajarkot,2230,mid-west,hill,2008/2009,paddy,3570,6920,1938
61,Jajarkot,2230,mid-west,hill,2009/2010,paddy,3573,10004,2800
61,Jajarkot,2230,mid-west,hill,2010/2011,paddy,3455,11488,3325
61,Jajarkot,2230,mid-west,hill,2011/2012,paddy,3515,10038,2856
61,Jajarkot,2230,mid-west,hill,2012/2013,paddy,3737,10403,2784
61,Jajarkot,2230,mid-west,hill,2013/2014,paddy,4042,10812,2675
61,Jajarkot,2230,mid-west,hill,2014/2015,paddy,4042,10812,2675
62,Dolpa,7889,mid-west,mountain,2000/2001,paddy,410,450,1098
62,Dolpa,7889,mid-west,mountain,2001/2002,paddy,190,228,1200
62,Dolpa,7889,mid-west,mountain,2002/2003,paddy,190,228,1200
62,Dolpa,7889,mid-west,mountain,2003/2004,paddy,190,228,1200
62,Dolpa,7889,mid-west,mountain,2004/2005,paddy,190,228,1200
62,Dolpa,7889,mid-west,mountain,2005/2006,paddy,260,446,1715
62,Dolpa,7889,mid-west,mountain,2006/2007,paddy,260,455,1750
62,Dolpa,7889,mid-west,mountain,2007/2008,paddy,270,472,1748
62,Dolpa,7889,mid-west,mountain,2008/2009,paddy,270,475,1759
62,Dolpa,7889,mid-west,mountain,2009/2010,paddy,270,567,2100
62,Dolpa,7889,mid-west,mountain,2010/2011,paddy,270,459,1700
62,Dolpa,7889,mid-west,mountain,2011/2012,paddy,276,605,2192
62,Dolpa,7889,mid-west,mountain,2012/2013,paddy,276,570,2065
62,Dolpa,7889,mid-west,mountain,2013/2014,paddy,276,590,2138
62,Dolpa,7889,mid-west,mountain,2014/2015,paddy,276,590,2138
63,Jumla,2531,mid-west,mountain,2000/2001,paddy,2775,2775,1000
63,Jumla,2531,mid-west,mountain,2001/2002,paddy,2800,4080,1457
63,Jumla,2531,mid-west,mountain,2002/2003,paddy,2800,4080,1457
63,Jumla,2531,mid-west,mountain,2003/2004,paddy,2800,4080,1457
63,Jumla,2531,mid-west,mountain,2004/2005,paddy,2850,4500,1579
63,Jumla,2531,mid-west,mountain,2005/2006,paddy,2850,3344,1173
63,Jumla,2531,mid-west,mountain,2006/2007,paddy,2850,4844,1700
63,Jumla,2531,mid-west,mountain,2007/2008,paddy,2850,4844,1700
63,Jumla,2531,mid-west,mountain,2008/2009,paddy,2850,4844,1700
63,Jumla,2531,mid-west,mountain,2009/2010,paddy,2964,5335,1800
63,Jumla,2531,mid-west,mountain,2010/2011,paddy,2750,4920,1789
63,Jumla,2531,mid-west,mountain,2011/2012,paddy,3000,3600,1200
63,Jumla,2531,mid-west,mountain,2012/2013,paddy,2950,6490,2200
63,Jumla,2531,mid-west,mountain,2013/2014,paddy,2950,6490,2200
63,Jumla,2531,mid-west,mountain,2014/2015,paddy,2950,7375,2500
64,Kalikot,1741,mid-west,mountain,2000/2001,paddy,2684,4368,1627
64,Kalikot,1741,mid-west,mountain,2001/2002,paddy,2080,2820,1356
64,Kalikot,1741,mid-west,mountain,2002/2003,paddy,2080,2820,1356
64,Kalikot,1741,mid-west,mountain,2003/2004,paddy,2080,2820,1356
64,Kalikot,1741,mid-west,mountain,2004/2005,paddy,2080,2820,1356
64,Kalikot,1741,mid-west,mountain,2005/2006,paddy,2080,2225,1070
64,Kalikot,1741,mid-west,mountain,2006/2007,paddy,2080,3850,1851
64,Kalikot,1741,mid-west,mountain,2007/2008,paddy,2220,4600,2072
64,Kalikot,1741,mid-west,mountain,2008/2009,paddy,2225,4610,2072
64,Kalikot,1741,mid-west,mountain,2009/2010,paddy,3222,6431,1996
64,Kalikot,1741,mid-west,mountain,2010/2011,paddy,3522,7435,2111
64,Kalikot,1741,mid-west,mountain,2011/2012,paddy,3465,5748,1659
64,Kalikot,1741,mid-west,mountain,2012/2013,paddy,3062,6240,2038
64,Kalikot,1741,mid-west,mountain,2013/2014,paddy,2466,5932,2406
64,Kalikot,1741,mid-west,mountain,2014/2015,paddy,2563,6671,2603
65,Mugu,3535,mid-west,mountain,2000/2001,paddy,800,850,1063
65,Mugu,3535,mid-west,mountain,2001/2002,paddy,850,1553,1827
65,Mugu,3535,mid-west,mountain,2002/2003,paddy,850,1553,1827
65,Mugu,3535,mid-west,mountain,2003/2004,paddy,850,1553,1827
65,Mugu,3535,mid-west,mountain,2004/2005,paddy,1850,5550,3000
65,Mugu,3535,mid-west,mountain,2005/2006,paddy,1850,4078,2204
65,Mugu,3535,mid-west,mountain,2006/2007,paddy,1050,1785,1700
65,Mugu,3535,mid-west,mountain,2007/2008,paddy,1050,1785,1700
65,Mugu,3535,mid-west,mountain,2008/2009,paddy,1050,1785,1700
65,Mugu,3535,mid-west,mountain,2009/2010,paddy,1167,2346,2010
65,Mugu,3535,mid-west,mountain,2010/2011,paddy,1265,2531,2001
65,Mugu,3535,mid-west,mountain,2011/2012,paddy,1294,2556,1975
65,Mugu,3535,mid-west,mountain,2012/2013,paddy,1394,2700,1937
65,Mugu,3535,mid-west,mountain,2013/2014,paddy,1500,3751,2501
65,Mugu,3535,mid-west,mountain,2014/2015,paddy,1350,2551,1890
66,Humla,5655,mid-west,mountain,2000/2001,paddy,543,602,1109
66,Humla,5655,mid-west,mountain,2001/2002,paddy,540,860,1593
66,Humla,5655,mid-west,mountain,2002/2003,paddy,547,825,1508
66,Humla,5655,mid-west,mountain,2003/2004,paddy,547,825,1508
66,Humla,5655,mid-west,mountain,2004/2005,paddy,550,840,1527
66,Humla,5655,mid-west,mountain,2005/2006,paddy,550,420,764
66,Humla,5655,mid-west,mountain,2006/2007,paddy,550,910,1655
66,Humla,5655,mid-west,mountain,2007/2008,paddy,550,910,1655
66,Humla,5655,mid-west,mountain,2008/2009,paddy,550,910,1655
66,Humla,5655,mid-west,mountain,2009/2010,paddy,561,842,1501
66,Humla,5655,mid-west,mountain,2010/2011,paddy,565,781,1382
66,Humla,5655,mid-west,mountain,2011/2012,paddy,572,875,1530
66,Humla,5655,mid-west,mountain,2012/2013,paddy,575,915,1591
66,Humla,5655,mid-west,mountain,2013/2014,paddy,572,966,1689
66,Humla,5655,mid-west,mountain,2014/2015,paddy,574,880,1533
67,Bajura,2188,far-west,mountain,2000/2001,paddy,3310,6660,2012
67,Bajura,2188,far-west,mountain,2001/2002,paddy,3260,6010,1844
67,Bajura,2188,far-west,mountain,2002/2003,paddy,3260,6010,1844
67,Bajura,2188,far-west,mountain,2003/2004,paddy,3260,6010,1844
67,Bajura,2188,far-west,mountain,2004/2005,paddy,3260,6010,1844
67,Bajura,2188,far-west,mountain,2005/2006,paddy,3260,6010,1844
67,Bajura,2188,far-west,mountain,2006/2007,paddy,2900,5280,1821
67,Bajura,2188,far-west,mountain,2007/2008,paddy,3310,6103,1844
67,Bajura,2188,far-west,mountain,2008/2009,paddy,3310,6103,1844
67,Bajura,2188,far-west,mountain,2009/2010,paddy,2910,4365,1500
67,Bajura,2188,far-west,mountain,2010/2011,paddy,3010,5418,1800
67,Bajura,2188,far-west,mountain,2011/2012,paddy,3310,7613,2300
67,Bajura,2188,far-west,mountain,2012/2013,paddy,3310,7613,2300
67,Bajura,2188,far-west,mountain,2013/2014,paddy,3310,7993,2415
67,Bajura,2188,far-west,mountain,2014/2015,paddy,3310,7993,2415
68,Bajhang,3422,far-west,mountain,2000/2001,paddy,5314,9557,1798
68,Bajhang,3422,far-west,mountain,2001/2002,paddy,5930,10750,1813
68,Bajhang,3422,far-west,mountain,2002/2003,paddy,5930,10750,1813
68,Bajhang,3422,far-west,mountain,2003/2004,paddy,5930,10750,1813
68,Bajhang,3422,far-west,mountain,2004/2005,paddy,5930,10750,1813
68,Bajhang,3422,far-west,mountain,2005/2006,paddy,5930,10750,1813
68,Bajhang,3422,far-west,mountain,2006/2007,paddy,5742,9949,1733
68,Bajhang,3422,far-west,mountain,2007/2008,paddy,6005,9200,1532
68,Bajhang,3422,far-west,mountain,2008/2009,paddy,6005,9200,1532
68,Bajhang,3422,far-west,mountain,2009/2010,paddy,6000,9000,1500
68,Bajhang,3422,far-west,mountain,2010/2011,paddy,7005,16215,2315
68,Bajhang,3422,far-west,mountain,2011/2012,paddy,7006,18285,2610
68,Bajhang,3422,far-west,mountain,2012/2013,paddy,7006,20528,2930
68,Bajhang,3422,far-west,mountain,2013/2014,paddy,7006,22769,3250
68,Bajhang,3422,far-west,mountain,2014/2015,paddy,7006,22769,3250
69,Achham,1680,far-west,hill,2000/2001,paddy,6992,16781,2400
69,Achham,1680,far-west,hill,2001/2002,paddy,6910,15270,2210
69,Achham,1680,far-west,hill,2002/2003,paddy,6910,15270,2210
69,Achham,1680,far-west,hill,2003/2004,paddy,6910,15270,2210
69,Achham,1680,far-west,hill,2004/2005,paddy,6910,15270,2210
69,Achham,1680,far-west,hill,2005/2006,paddy,6910,15270,2210
69,Achham,1680,far-west,hill,2006/2007,paddy,7480,14960,2000
69,Achham,1680,far-west,hill,2007/2008,paddy,7480,14960,2000
69,Achham,1680,far-west,hill,2008/2009,paddy,7480,14960,2000
69,Achham,1680,far-west,hill,2009/2010,paddy,7450,13700,1839
69,Achham,1680,far-west,hill,2010/2011,paddy,9450,22680,2400
69,Achham,1680,far-west,hill,2011/2012,paddy,11570,30660,2650
69,Achham,1680,far-west,hill,2012/2013,paddy,12569,31138,2477
69,Achham,1680,far-west,hill,2013/2014,paddy,16572,34795,2100
69,Achham,1680,far-west,hill,2014/2015,paddy,16500,34795,2109
70,Doti,2025,far-west,hill,2000/2001,paddy,6800,18536,2726
70,Doti,2025,far-west,hill,2001/2002,paddy,7100,15345,2161
70,Doti,2025,far-west,hill,2002/2003,paddy,7175,15734,2193
70,Doti,2025,far-west,hill,2003/2004,paddy,7175,15734,2193
70,Doti,2025,far-west,hill,2004/2005,paddy,8300,19920,2400
70,Doti,2025,far-west,hill,2005/2006,paddy,7100,15345,2161
70,Doti,2025,far-west,hill,2006/2007,paddy,7500,17393,2319
70,Doti,2025,far-west,hill,2007/2008,paddy,7500,17544,2339
70,Doti,2025,far-west,hill,2008/2009,paddy,7555,18500,2449
70,Doti,2025,far-west,hill,2009/2010,paddy,7570,18000,2378
70,Doti,2025,far-west,hill,2010/2011,paddy,7570,18000,2378
70,Doti,2025,far-west,hill,2011/2012,paddy,9750,24375,2500
70,Doti,2025,far-west,hill,2012/2013,paddy,11715,22844,1950
70,Doti,2025,far-west,hill,2013/2014,paddy,10665,22396,2100
70,Doti,2025,far-west,hill,2014/2015,paddy,10600,22396,2113
71,Kailali,3235,far-west,terai,2000/2001,paddy,57000,172118,3020
71,Kailali,3235,far-west,terai,2001/2002,paddy,54150,132450,2446
71,Kailali,3235,far-west,terai,2002/2003,paddy,57000,167690,2942
71,Kailali,3235,far-west,terai,2003/2004,paddy,57000,167690,2942
71,Kailali,3235,far-west,terai,2004/2005,paddy,57310,150540,2627
71,Kailali,3235,far-west,terai,2005/2006,paddy,57000,149205,2618
71,Kailali,3235,far-west,terai,2006/2007,paddy,57900,146076,2523
71,Kailali,3235,far-west,terai,2007/2008,paddy,60000,150000,2500
71,Kailali,3235,far-west,terai,2008/2009,paddy,60000,165000,2750
71,Kailali,3235,far-west,terai,2009/2010,paddy,58500,146400,2503
71,Kailali,3235,far-west,terai,2010/2011,paddy,60000,174000,2900
71,Kailali,3235,far-west,terai,2011/2012,paddy,65500,203050,3100
71,Kailali,3235,far-west,terai,2012/2013,paddy,64400,185980,2888
71,Kailali,3235,far-west,terai,2013/2014,paddy,71450,209757,2936
71,Kailali,3235,far-west,terai,2014/2015,paddy,70400,209757,2980
72,Kanchanpur,1610,far-west,terai,2000/2001,paddy,44795,120450,2689
72,Kanchanpur,1610,far-west,terai,2001/2002,paddy,41970,104530,2491
72,Kanchanpur,1610,far-west,terai,2002/2003,paddy,44300,114810,2592
72,Kanchanpur,1610,far-west,terai,2003/2004,paddy,44300,114810,2592
72,Kanchanpur,1610,far-west,terai,2004/2005,paddy,44636,114810,2572
72,Kanchanpur,1610,far-west,terai,2005/2006,paddy,43872,115628,2636
72,Kanchanpur,1610,far-west,terai,2006/2007,paddy,46639,130589,2800
72,Kanchanpur,1610,far-west,terai,2007/2008,paddy,46600,134500,2886
72,Kanchanpur,1610,far-west,terai,2008/2009,paddy,46655,119700,2566
72,Kanchanpur,1610,far-west,terai,2009/2010,paddy,45400,116090,2557
72,Kanchanpur,1610,far-west,terai,2010/2011,paddy,46655,139965,3000
72,Kanchanpur,1610,far-west,terai,2011/2012,paddy,46655,144630,3100
72,Kanchanpur,1610,far-west,terai,2012/2013,paddy,44500,138630,3115
72,Kanchanpur,1610,far-west,terai,2013/2014,paddy,48796,143704,2945
72,Kanchanpur,1610,far-west,terai,2014/2015,paddy,45600,143704,3151
73,Dadeldhura,1538,far-west,hill,2000/2001,paddy,7023,17557,2500
73,Dadeldhura,1538,far-west,hill,2001/2002,paddy,6847,15748,2300
73,Dadeldhura,1538,far-west,hill,2002/2003,paddy,6900,15870,2300
73,Dadeldhura,1538,far-west,hill,2003/2004,paddy,6900,15870,2300
73,Dadeldhura,1538,far-west,hill,2004/2005,paddy,6835,19753,2890
73,Dadeldhura,1538,far-west,hill,2005/2006,paddy,6840,15748,2302
73,Dadeldhura,1538,far-west,hill,2006/2007,paddy,6217,14299,2300
73,Dadeldhura,1538,far-west,hill,2007/2008,paddy,6217,14313,2302
73,Dadeldhura,1538,far-west,hill,2008/2009,paddy,6221,17500,2813
73,Dadeldhura,1538,far-west,hill,2009/2010,paddy,6221,13064,2100
73,Dadeldhura,1538,far-west,hill,2010/2011,paddy,6221,14182,2280
73,Dadeldhura,1538,far-west,hill,2011/2012,paddy,6221,15182,2440
73,Dadeldhura,1538,far-west,hill,2012/2013,paddy,6221,16414,2638
73,Dadeldhura,1538,far-west,hill,2013/2014,paddy,6221,18066,2904
73,Dadeldhura,1538,far-west,hill,2014/2015,paddy,5221,19000,3639
74,Baitadi,1519,far-west,hill,2000/2001,paddy,5330,10660,2000
74,Baitadi,1519,far-west,hill,2001/2002,paddy,5325,9050,1700
74,Baitadi,1519,far-west,hill,2002/2003,paddy,5325,10500,1972
74,Baitadi,1519,far-west,hill,2003/2004,paddy,5325,10500,1972
74,Baitadi,1519,far-west,hill,2004/2005,paddy,6100,14030,2300
74,Baitadi,1519,far-west,hill,2005/2006,paddy,5320,9050,1701
74,Baitadi,1519,far-west,hill,2006/2007,paddy,5320,8138,1530
74,Baitadi,1519,far-west,hill,2007/2008,paddy,5330,9660,1812
74,Baitadi,1519,far-west,hill,2008/2009,paddy,5330,9660,1812
74,Baitadi,1519,far-west,hill,2009/2010,paddy,5300,10017,1890
74,Baitadi,1519,far-west,hill,2010/2011,paddy,5300,10017,1890
74,Baitadi,1519,far-west,hill,2011/2012,paddy,6000,15000,2500
74,Baitadi,1519,far-west,hill,2012/2013,paddy,6500,14280,2197
74,Baitadi,1519,far-west,hill,2013/2014,paddy,7000,15680,2240
74,Baitadi,1519,far-west,hill,2014/2015,paddy,7000,15680,2240
75,Darchula,2322,far-west,mountain,2000/2001,paddy,3100,7120,2297
75,Darchula,2322,far-west,mountain,2001/2002,paddy,3050,6100,2000
75,Darchula,2322,far-west,mountain,2002/2003,paddy,3050,6100,2000
75,Darchula,2322,far-west,mountain,2003/2004,paddy,3050,6100,2000
75,Darchula,2322,far-west,mountain,2004/2005,paddy,4500,11900,2644
75,Darchula,2322,far-west,mountain,2005/2006,paddy,4050,8100,2000
75,Darchula,2322,far-west,mountain,2006/2007,paddy,3966,7289,1838
75,Darchula,2322,far-west,mountain,2007/2008,paddy,3950,7480,1894
75,Darchula,2322,far-west,mountain,2008/2009,paddy,3950,7480,1894
75,Darchula,2322,far-west,mountain,2009/2010,paddy,4180,7450,1782
75,Darchula,2322,far-west,mountain,2010/2011,paddy,4290,10725,2500
75,Darchula,2322,far-west,mountain,2011/2012,paddy,4480,11709,2614
75,Darchula,2322,far-west,mountain,2012/2013,paddy,4480,11027,2461
75,Darchula,2322,far-west,mountain,2013/2014,paddy,4480,10631,2373
75,Darchula,2322,far-west,mountain,2014/2015,paddy,4480,10631,2373
